year,Para-1,Para-2,Para-3,Para-4,Para-5,Para-6,Para-7,Para-8,Para-9,Para-10,Para-11,Para-12,Para-13
1,324.0,354.5,17.0,0.0,3,117,2600,400,0.0,0.0,0.0,0,1.52
2,324.0,161.1,18.2,0.0,4,106,5950,1190,0.0,3.4,0.0,0,1.62
3,324.0,170.7,18.5,0.0,4,110,5950,1190,0.0,21.3,0.0,4,1.68
4,324.0,223.9,18.9,0.0,3,110,6150,1340,0.0,21.3,0.0,5,1.78
5,324.0,228.2,18.4,0.0,2,113,6340,1450,0.0,23.9,0.0,7,1.8
6,324.0,225.0,17.2,0.0,4,114,6630,1500,0.0,24.9,0.0,7,1.81
7,324.0,130.0,18.4,0.0,3,103,6700,1540,0.9,25.2,0.0,7,1.86
8,324.0,100.6,19.0,0.0,2,114,6740,1590,0.9,52.8,0.0,8,1.89
9,324.0,176.5,19.0,0.0,3,108,7175,1787,3.4,60.5,57.0,8,1.92
10,324.0,53.6,19.0,0.0,2,105,7567,1885,16.8,105.0,65.0,9,1.96
1,327.7,336.6,21.3,0.0,4,106,5810,2030,0.0,0.0,0.0,0,0.712
2,327.7,240.2,22.1,0.0,3,104,5900,2200,0.0,0.0,0.0,0,0.72
3,327.7,155.3,22.4,0.0,3,104,6100,2500,0.0,0.0,0.0,0,0.752
4,327.7,77.0,23.0,0.0,2,105,6140,2650,0.0,9.0,0.0,0,0.758
5,327.7,146.3,22.5,0.0,2,108,6200,2800,2.9,11.0,0.0,6,0.762
6,327.7,216.3,21.2,0.0,4,111,6500,2550,34.8,18.6,0.0,7,0.77
7,327.7,77.1,22.4,0.0,4,106,19437,7674,50.6,24.9,0.0,7,0.781
8,327.7,90.3,22.8,0.0,2,105,22755,8472,56.7,27.0,1.0,8,0.789
9,327.7,238.5,22.8,0.0,2,103,26640,9353,60.9,30.2,1.0,8,0.794
10,327.7,62.0,22.7,0.0,2,102,30525,10234,76.5,44.3,5.0,9,0.795
1,487.7,222.4,21.3,0.0,3,107,1850,610,0.0,0.0,0.0,0,1.211
2,487.7,224.9,21.2,0.0,3,109,1880,660,0.0,0.0,0.0,0,1.241
3,487.7,226.6,21.1,0.0,3,108,1380,490,31.6,0.0,0.0,10,1.273
4,487.7,424.4,21.2,0.0,2,105,1760,620,33.7,0.0,0.0,11,1.0
5,487.7,257.1,21.2,0.0,4,111,1700,610,36.7,0.0,0.0,11,1.356
6,487.7,256.0,21.8,0.0,3,109,1600,610,40.6,0.0,0.0,12,1.269
7,487.7,226.7,22.1,0.0,3,108,1760,860,66.6,0.0,0.0,13,1.311
8,487.7,82.7,22.6,0.0,2,106,1800,900,71.6,0.0,0.0,13,1.39
9,487.7,135.4,22.2,0.0,2,109,1900,1130,75.4,0.0,0.0,14,1.414
10,487.7,93.2,22.5,0.0,4,110,2140,1270,78.5,0.0,0.0,16,1.432
1,543.6,222.5,22.5,0.0,3,107,1700,570,0.0,0.0,0.0,0,1.31
2,543.6,229.0,21.2,0.0,3,109,1880,660,0.0,0.0,0.0,5,1.36
3,543.6,226.6,21.1,0.0,3,108,1380,490,0.0,0.0,4.0,5,1.419
4,543.6,424.4,21.2,0.0,2,105,1760,620,1.1,20.7,4.0,6,1.518
5,543.6,257.1,21.2,0.0,4,111,1800,620,0.3,28.8,37.0,6,1.578
6,543.6,256.0,21.8,0.0,3,109,1600,610,0.4,41.5,41.0,7,1.645
7,543.6,226.7,22.1,0.0,3,108,1760,860,8.2,52.3,51.0,7,1.692
8,543.6,82.7,22.6,0.0,2,106,1800,900,14.5,55.5,61.0,8,1.729
9,543.6,135.4,22.2,0.0,2,109,1900,1130,24.8,57.3,64.0,8,1.889
10,543.6,93.2,22.5,0.0,4,110,2140,1270,28.5,60.5,67.0,11,2.004
1,434.4,369.1,9.8,79.0,9,117,5600,1980,0.0,163.5,27.0,0,1.034
2,434.4,275.7,10.6,90.9,6,113,5650,2000,0.0,167.9,29.0,3,1.058
3,434.4,308.1,10.9,44.9,7,113,6400,2800,0.0,170.8,31.0,4,1.09
4,434.4,193.3,11.4,71.0,4,120,7150,3750,0.0,182.5,31.0,5,1.1
5,434.4,328.2,10.7,149.6,3,119,8250,4200,0.0,185.1,32.0,5,1.126
6,434.4,250.4,9.9,98.2,6,118,9300,4300,0.0,189.7,32.0,5,1.137
7,434.4,215.2,10.8,68.2,8,108,10200,4650,0.0,214.0,34.0,6,1.527
8,434.4,224.5,11.6,57.0,5,107,12632,5979,0.0,253.0,34.0,6,1.727
9,434.4,293.4,11.6,110.0,5,111,12884,6099,0.0,261.8,34.0,6,1.771
10,434.4,149.0,11.7,72.0,3,110,13142,6225,0.0,276.2,34.0,6,1.792
1,320.0,174.9,21.7,0.0,2,108,5600,1680,0.0,0.0,1.0,0,1.022
2,320.0,187.8,22.3,0.0,3,107,6400,1920,0.0,0.0,1.0,0,1.038
3,320.0,270.2,21.6,0.0,3,103,8000,2400,0.0,0.0,2.0,0,1.0041
4,320.0,217.7,22.0,0.0,3,103,8000,2400,0.0,2.4,2.0,23,1.052
5,320.0,154.7,22.8,0.0,2,108,8000,2400,0.1,3.6,5.0,24,1.059
6,320.0,182.6,21.6,0.0,3,105,7200,2250,0.1,6.5,8.0,26,1.065
7,320.0,297.7,21.3,0.0,4,105,6850,2650,0.2,22.6,9.0,27,1.069
8,320.0,366.8,21.5,0.0,2,104,7200,2800,0.3,70.5,12.0,27,1.073
9,320.0,336.6,21.3,0.0,4,106,7450,3030,0.5,160.5,28.0,31,1.101
10,320.0,240.2,22.1,0.0,3,104,7600,3300,1.0,185.6,39.0,33,1.107
1,264.2,435.9,12.9,9.8,6,117,2900,900,0.0,0.0,0.0,9,1.181
2,264.2,433.8,12.4,78.3,5,107,3400,1000,0.0,0.0,0.0,9,1.263
3,264.2,326.2,12.8,56.2,6,116,3600,1100,0.0,23.5,10.0,10,1.292
4,264.2,179.1,13.8,39.0,3,119,3400,1000,0.0,40.2,14.0,10,1.371
5,264.2,373.3,12.6,107.0,5,115,3600,1100,0.0,77.8,17.0,11,1.489
6,264.2,417.7,12.3,20.0,7,113,3750,1150,0.0,129.4,24.0,11,1.569
7,264.2,494.8,12.5,36.0,7,116,3800,1150,0.0,165.3,31.0,11,2.126
8,264.2,473.2,12.2,9.0,6,130,4000,1200,0.0,193.5,35.0,14,2.534
9,264.2,315.6,13.0,15.5,5,118,4100,1240,0.0,201.5,41.0,40,3.065
10,264.2,231.7,13.4,4.5,6,0,4300,1300,0.0,246.9,48.0,176,3.164
1,505.6,242.5,21.8,0.0,3,108,6500,2650,0.0,0.0,0.0,0,0.491
2,505.6,135.4,22.2,0.0,2,111,7000,3240,0.0,0.0,0.0,0,0.512
3,505.6,54.8,22.7,0.0,2,111,8500,3500,0.0,0.0,0.0,3,0.534
4,505.6,168.4,22.0,0.0,2,113,6000,2400,0.0,0.0,0.0,4,0.567
5,505.6,218.8,20.9,0.0,4,113,6400,2500,0.0,0.0,0.0,55,0.649
6,505.6,84.0,22.0,0.0,3,104,19437,7674,0.0,0.0,0.0,5,0.66
7,505.6,75.9,22.4,0.0,2,107,22755,8472,0.0,0.0,0.0,5,0.684
8,505.6,183.9,22.3,0.0,3,109,26640,9353,0.0,266.4,8.0,6,0.715
9,505.6,55.1,22.2,0.0,2,103,30525,10234,0.0,301.0,11.0,6,0.734
10,505.6,198.0,22.5,0.0,4,104,12159,7469,0.0,305.0,12.0,7,0.746
1,520.7,240.2,22.1,0.0,3,104,7000,1700,0.0,0.0,0.0,2,0.798
2,520.7,155.3,22.4,0.0,3,104,7680,2300,0.0,0.0,0.0,2,0.802
3,520.7,77.0,23.0,0.0,2,105,8000,2600,0.0,0.0,0.0,2,0.835
4,520.7,146.3,22.5,0.0,2,108,7000,3000,0.0,0.0,0.0,6,0.838
5,520.7,216.3,21.2,0.0,4,111,6800,2700,0.0,0.0,0.0,6,0.842
6,520.7,77.1,22.4,0.0,4,106,19437,7674,0.0,0.0,1.0,7,0.847
7,520.7,90.3,22.8,0.0,2,105,22755,8472,0.0,0.0,1.0,7,0.851
8,520.7,238.5,22.8,0.0,2,103,26640,9353,0.0,119.5,1.0,8,0.857
9,520.7,62.0,22.7,0.0,2,102,30525,10234,0.0,239.5,4.0,8,0.858
10,520.7,195.8,22.9,0.0,3,100,12284,7546,0.0,311.3,6.0,8,0.859
1,520.7,182.6,21.6,0.0,3,105,7200,2160,0.0,0.0,0.0,0,0.783
2,520.7,297.7,21.3,0.0,4,105,7600,2280,0.0,0.0,0.0,0,0.794
3,520.7,366.8,21.5,0.0,2,104,7840,2352,0.0,0.0,0.0,0,0.8
4,520.7,336.6,21.3,0.0,4,106,6850,2275,0.0,0.0,0.0,2,0.812
5,520.7,240.2,22.1,0.0,3,104,7200,2400,0.0,0.0,0.0,2,0.834
6,520.7,155.3,22.4,0.0,3,104,6800,1600,0.0,0.0,0.0,4,0.848
7,520.7,77.0,23.0,0.0,2,105,7050,2470,0.0,12.1,0.0,4,0.862
8,520.7,146.3,22.5,0.0,2,108,7140,2550,2.7,20.5,0.0,4,1.023
9,520.7,216.3,21.2,0.0,4,111,7430,2950,11.6,50.3,0.0,6,1.679
10,520.7,77.1,22.4,0.0,4,106,7700,3300,92.9,67.7,0.0,6,1.839
1,520.7,539.7,17.4,2.0,4,116,3470,490,0.0,145.1,0.0,18,0.391
2,520.7,377.0,17.2,0.0,3,113,3600,525,0.0,155.7,0.0,18,0.398
3,520.7,539.1,17.5,0.0,4,116,3800,550,1.7,170.8,2.0,18,0.4
4,520.7,422.7,17.6,0.0,3,121,3900,590,2.3,178.2,25.0,19,0.411
5,520.7,466.0,18.1,0.0,2,123,4000,370,7.1,189.2,64.0,19,0.432
6,520.7,322.1,18.4,0.0,3,114,4800,580,14.5,205.3,71.0,20,0.455
7,520.7,190.4,18.9,0.0,2,120,5100,550,21.4,222.3,78.0,20,0.469
8,520.7,297.5,18.3,0.0,2,110,5300,500,27.8,270.6,88.0,22,0.476
9,520.7,326.3,17.2,0.0,4,114,4400,550,31.2,288.6,91.0,23,0.527
10,520.7,160.8,18.5,0.0,3,113,10675,1413,38.9,307.0,98.0,23,0.54
1,505.5,272.7,19.0,0.0,4,103,4400,440,3.8,22.5,14.0,12,1.01
2,505.5,155.0,19.8,0.0,3,109,4400,440,4.1,25.1,15.0,13,1.03
3,505.5,380.7,18.5,1.0,3,111,4200,465,5.1,38.2,32.0,13,1.05
4,505.5,349.8,18.4,0.0,3,115,3900,475,5.6,38.4,59.0,14,1.09
5,505.5,441.3,18.6,0.0,4,115,4100,500,5.8,77.5,97.0,15,1.12
6,505.5,288.6,18.7,0.0,3,110,4500,300,7.7,103.5,117.0,15,1.328
7,505.5,413.4,19.2,0.0,3,113,4720,240,77.7,153.8,166.0,15,1.329
8,505.5,272.5,19.4,0.0,3,108,5440,330,95.6,166.9,176.0,17,1.332
9,505.5,141.2,19.9,0.0,2,105,5600,300,103.9,180.2,188.0,9,1.358
10,505.5,198.7,19.4,0.0,2,106,5850,375,107.8,188.4,205.0,10,1.349
1,469.9,446.5,15.4,1.4,5,109,5600,2200,0.0,0.0,0.0,0,0.753
2,469.9,177.5,16.8,0.0,3,106,6412,1596,0.0,0.0,0.0,2,0.78
3,469.9,175.7,17.3,0.0,2,108,6783,1689,0.0,0.0,0.0,2,0.795
4,469.9,313.3,17.2,0.0,3,110,7175,1787,0.0,0.0,0.0,3,0.821
5,469.9,87.4,17.2,0.0,3,105,7567,1885,0.0,32.1,0.0,3,0.834
6,469.9,298.4,17.4,1.0,3,110,5029,3042,0.0,63.9,0.0,4,0.863
7,469.9,431.0,16.7,0.0,3,108,5043,2660,0.0,109.1,2.0,4,0.911
8,469.9,533.0,16.5,0.0,4,108,4642,2299,0.0,132.1,2.0,4,0.952
9,469.9,196.5,16.9,2.0,3,115,5054,2729,0.0,210.5,9.0,5,1.183
10,469.9,306.2,17.0,7.0,2,112,5883,2847,0.0,271.8,10.0,5,1.296
1,439.6,427.9,12.4,97.0,4,116,4200,1260,0.0,6.5,0.0,5,0.965
2,439.6,419.2,12.2,14.7,6,114,3750,1425,0.0,8.0,0.0,5,1.086
3,439.6,420.4,12.6,34.0,6,120,3950,1500,0.0,11.3,0.0,6,1.091
4,439.6,463.2,12.0,13.0,6,113,3900,1530,0.0,16.5,0.0,6,1.064
5,439.6,280.0,12.9,23.4,5,116,3840,1580,0.0,18.5,0.0,7,1.086
6,439.6,288.8,13.3,4.6,6,112,3560,1640,1.0,21.0,0.0,7,1.091
7,439.6,226.2,13.7,18.0,4,111,3800,1900,1.0,21.1,4.0,7,1.155
8,439.6,400.6,13.1,37.5,2,110,3900,1950,15.0,28.1,4.0,8,1.185
9,439.6,390.5,11.9,16.6,5,112,4040,2000,85.0,28.3,4.0,8,1.265
10,439.6,204.4,13.1,6.2,4,107,4200,2100,86.5,28.9,4.0,8,1.449
1,593.9,79.5,18.7,5.0,2,108,2450,245,24.2,165.8,69.0,5,1.671
2,593.9,175.3,17.6,17.0,3,110,2400,300,55.8,166.1,91.0,5,1.681
3,593.9,218.6,17.4,0.0,4,112,2300,350,131.9,167.5,101.0,8,1.703
4,593.9,304.7,17.8,1.0,3,114,2400,375,133.2,171.8,109.0,8,1.712
5,593.9,354.5,17.0,0.0,3,117,2600,390,214.4,194.3,116.0,11,1.721
6,593.9,161.1,18.2,0.0,4,106,2800,400,220.5,199.5,119.0,11,1.734
7,593.9,170.7,18.5,0.0,4,110,3020,660,265.7,234.6,127.0,14,1.882
8,593.9,223.9,18.9,0.0,3,110,3060,720,286.7,244.1,129.0,16,1.93
9,593.9,228.2,18.4,0.1,2,113,3200,700,305.0,257.8,133.0,16,1.946
10,593.9,225.0,17.2,0.0,4,114,3400,740,305.0,261.3,139.0,16,1.962
1,487.6,70.7,20.2,0.0,2,108,3400,180,5.5,7.4,11.0,4,1.721
2,487.6,152.1,19.1,5.0,3,108,3200,180,17.3,49.9,44.0,5,1.741
3,487.6,224.4,18.8,0.0,4,109,3000,190,62.3,93.2,59.0,6,1.883
4,487.6,300.6,19.2,0.0,2,107,3150,200,159.2,103.7,61.0,6,1.995
5,487.6,382.6,18.6,0.0,4,109,3300,170,167.4,115.6,64.0,6,2.358
6,487.6,192.9,19.6,0.0,4,107,3400,140,177.5,123.5,85.0,7,1.38
7,487.6,174.1,20.0,0.0,4,109,3400,210,194.5,131.7,114.0,7,2.423
8,487.6,221.6,20.4,0.0,3,107,3500,250,228.8,148.3,128.0,8,2.515
9,487.6,225.4,19.8,0.0,2,111,3650,300,239.2,156.4,137.0,10,2.561
10,487.6,244.1,18.5,0.0,4,109,4200,350,248.8,160.5,141.0,10,2.6
1,432.0,218.8,14.2,1.0,3,102,6412,1596,0.0,0.0,0.0,0,0.31
2,432.0,269.0,14.8,1.0,3,112,6783,1689,0.0,0.0,0.0,0,0.33
3,432.0,362.5,14.7,10.0,4,117,7175,1787,0.0,0.0,0.0,2,0.341
4,432.0,176.8,14.9,4.0,3,107,7567,1885,0.0,0.0,0.0,2,0.347
5,432.0,327.3,15.0,4.0,3,115,5174,3130,0.0,0.0,0.0,3,0.351
6,432.0,470.6,14.3,3.0,4,109,5190,2737,0.0,0.0,0.0,3,0.365
7,432.0,520.1,14.1,4.0,6,115,4777,2365,7.0,158.1,0.0,3,0.382
8,432.0,288.2,14.3,6.0,3,115,5201,2808,18.7,239.9,1.0,3,0.402
9,432.0,328.5,14.7,22.0,2,119,6167,2984,23.1,274.2,20.0,3,0.415
10,432.0,502.8,14.1,19.0,4,111,6250,3100,25.6,288.3,50.0,3,0.445
1,492.8,338.4,16.8,0.3,4,110,7200,1944,0.0,0.0,0.0,11,1.154
2,492.8,159.8,17.7,0.0,3,115,7200,2160,0.0,20.2,0.0,11,1.182
3,492.8,662.9,16.5,5.0,4,114,7840,3136,0.0,50.0,0.0,12,1.219
4,492.8,332.3,16.2,0.0,3,120,6650,1575,0.0,88.5,1.0,13,1.291
5,492.8,530.4,16.4,0.0,5,113,7000,1650,0.0,89.0,2.0,13,1.353
6,492.8,355.2,16.7,0.0,4,119,6800,1400,0.0,93.5,2.0,14,1.393
7,492.8,405.2,17.2,0.0,3,115,7150,1600,0.0,98.2,5.0,14,1.445
8,492.8,280.1,17.4,0.0,3,108,7500,2250,0.0,116.8,10.0,14,1.487
9,492.8,183.2,17.8,0.0,2,113,7300,2500,0.0,125.4,10.0,15,1.521
10,492.8,276.4,17.4,1.0,2,111,7800,2140,0.0,131.6,10.0,17,1.604
1,1028.7,380.7,18.5,1.0,3,111,5300,180,0.0,287.6,32.0,6,0.752
2,1028.7,349.8,18.4,0.0,3,115,5550,230,3.2,361.3,43.0,6,0.781
3,1028.7,441.3,18.6,0.0,4,115,5850,240,5.4,365.1,54.0,7,0.803
4,1028.7,288.6,18.7,0.0,3,110,5990,310,5.9,390.5,58.0,8,0.93
5,1028.7,413.4,19.2,0.0,3,113,6200,400,6.1,405.4,64.0,8,0.987
6,1028.7,272.5,19.4,0.0,3,108,7200,580,8.7,480.2,102.0,12,1.02
7,1028.7,141.2,19.9,0.0,2,105,6700,550,32.5,520.4,116.0,12,1.07
8,1028.7,198.7,19.4,0.0,2,106,7000,550,80.4,560.2,124.0,15,1.197
9,1028.7,282.8,18.2,0.0,4,114,8000,600,115.2,605.3,137.0,18,1.243
10,1028.7,101.6,19.6,0.0,2,101,8171,544,119.4,612.4,140.0,19,1.316
1,454.6,145.6,21.7,0.0,3,106,3650,730,0.0,0.0,0.0,0,
2,454.6,212.3,22.4,0.0,3,109,3500,700,2.3,0.0,0.0,0,0.591
3,454.6,181.8,21.3,0.0,3,109,4500,900,4.6,0.0,0.0,0,0.626
4,454.6,247.1,21.1,0.0,3,117,2100,625,6.3,6.3,47.9,5,0.643
5,454.6,291.6,21.3,0.0,2,110,2200,650,13.3,15.3,53.5,9,0.674
6,454.6,264.1,21.1,0.0,4,111,2700,690,63.2,25.3,57.0,20,0.697
7,454.6,213.8,21.8,0.0,2,109,2800,700,150.4,34.3,62.4,40,0.721
8,454.6,174.1,22.2,0.0,3,110,2850,700,240.2,63.2,67.0,95,0.735
9,454.6,93.8,22.6,0.0,2,107,3000,780,304.8,120.5,69.0,100,0.759
10,454.6,108.7,22.1,0.0,2,112,3100,820,330.4,304.8,75.0,110,0.78
1,459.7,390.5,16.4,0.0,3,112,3080,248,0.0,0.0,0.0,0,0.61
2,459.7,396.7,17.8,0.0,5,115,3960,320,0.0,0.0,0.0,0,0.64
3,459.7,210.2,18.7,0.0,3,113,4400,352,0.0,0.0,1.0,0,0.65
4,459.7,539.7,17.4,2.0,4,116,4100,410,0.0,0.0,1.0,1,0.67
5,459.7,377.0,17.2,0.0,3,121,3600,450,0.0,0.0,1.0,2,0.73
6,459.7,539.1,17.5,0.0,4,123,3800,475,0.0,5.6,2.0,2,0.74
7,459.7,422.7,17.6,0.0,3,114,3900,495,0.0,12.4,5.0,3,0.76
8,459.7,466.0,18.1,0.0,2,120,4050,522,0.0,67.7,9.0,4,0.77
9,459.7,322.1,18.4,0.0,3,110,4230,553,0.4,76.2,13.0,6,0.81
10,459.7,190.4,18.9,0.0,2,114,4360,567,1.2,86.3,16.0,6,0.845
1,533.2,340.4,15.6,0.0,4,115,2230,346,10.9,0.0,0.0,4,0.715
2,533.3,218.6,17.4,0.0,4,112,2300,350,11.3,0.0,0.0,4,0.725
3,533.3,304.7,17.8,1.0,3,114,2400,375,100.5,0.0,0.0,7,0.781
4,533.3,354.5,17.0,0.0,3,117,2600,390,210.7,0.0,0.0,7,0.796
5,533.3,161.1,18.2,0.0,4,106,2800,400,300.59,2.0,0.0,7,0.929
6,533.3,170.7,18.5,0.0,4,110,3020,660,355.9,3.0,0.0,7,0.991
7,533.3,223.9,18.9,0.0,3,110,3060,720,380.9,4.0,6.0,8,1.1
8,533.3,228.2,18.4,0.1,2,113,3200,700,426.2,4.0,6.0,8,1.183
9,533.3,225.0,17.2,0.0,4,114,3350,790,513.5,5.0,6.0,10,1.585
10,533.3,130.0,18.4,0.0,3,103,3500,900,579.1,5.0,10.0,10,1.563
1,579.1,175.3,17.6,17.0,3,110,2100,275,22.5,2.4,0.0,1,0.56
2,579.1,218.6,17.4,0.0,4,112,2300,350,49.5,4.7,1.0,3,0.632
3,579.1,304.7,17.8,1.0,3,114,2400,375,80.2,16.7,1.0,5,0.74
4,579.1,354.5,17.0,0.0,3,117,2500,400,115.7,29.5,1.0,6,0.742
5,579.1,161.1,18.2,0.0,4,106,2800,400,166.4,66.8,1.0,6,0.765
6,579.1,170.7,18.5,0.0,4,110,3020,660,250.4,72.8,2.0,7,0.793
7,579.1,223.9,18.9,0.0,3,110,3060,720,305.0,81.6,2.0,8,0.812
8,579.1,228.2,18.4,0.1,2,113,3200,700,365.9,95.6,2.0,9,0.851
9,579.1,225.0,17.2,0.0,4,114,3350,790,440.3,112.5,4.0,9,0.975
10,579.1,130.0,18.4,0.0,3,103,3500,900,524.6,135.6,4.0,11,0.994
1,279.4,160.5,18.4,0.0,4,106,5940,1160,0.0,0.0,0.0,4,1.16
2,279.4,161.1,18.2,0.0,4,106,5950,1190,0.0,0.0,0.0,5,1.18
3,279.4,170.7,18.5,0.0,4,110,5950,1190,7.6,0.0,0.0,7,1.183
4,279.4,223.9,18.9,0.0,3,110,6260,1250,14.3,0.0,0.0,7,1.184
5,279.4,228.2,18.4,0.1,2,113,6680,1500,22.4,0.0,0.0,8,1.186
6,279.4,225.0,17.2,0.0,4,114,6950,1750,25.3,0.0,0.0,8,1.218
7,279.4,130.0,18.4,0.0,3,103,7635,1950,27.4,0.0,115.0,9,1.258
8,279.4,100.6,19.0,0.0,2,114,8540,2180,59.6,23.5,121.0,10,1.269
9,279.4,176.5,19.0,0.0,3,108,9120,2300,69.7,30.6,231.0,11,1.292
10,279.4,53.6,19.0,0.0,2,105,9870,2450,74.5,58.2,266.4,14,1.332
1,271.8,354.5,17.0,0.0,3,117,2600,400,0.0,0.0,0.0,6,0.912
2,271.8,161.1,18.2,0.0,4,106,5950,1190,0.0,0.0,0.0,6,1.012
3,271.8,170.7,18.5,0.0,4,110,5950,1190,0.0,18.3,0.0,6,1.026
4,271.8,223.9,18.9,0.0,3,113,6260,1250,180.4,25.3,0.0,7,1.0678
5,271.8,228.2,18.4,0.1,2,114,6680,1500,184.3,37.2,0.0,7,1.086
6,271.8,225.0,17.2,0.0,4,103,6900,1630,209.3,61.0,1.0,8,1.346
7,271.8,130.0,18.4,0.0,3,114,7460,1850,335.7,130.3,1.0,8,1.403
8,271.8,100.6,19.0,0.0,2,108,8540,2180,338.4,260.4,1.0,8,1.475
9,271.8,176.5,19.0,0.0,3,105,7200,2300,341.2,300.6,105.0,8,1.552
10,271.8,53.6,19.0,0.0,2,110,4080,940,345.1,316.6,184.0,8,1.609
1,548.6,236.7,22.2,0.0,3,103,7200,2260,0.0,0.0,0.0,0,0.812
2,548.6,240.2,22.1,0.0,3,104,7050,2470,0.0,0.0,0.0,0,0.823
3,548.6,155.3,22.4,0.0,3,104,7300,2850,0.0,0.0,0.0,3,0.8324
4,548.6,77.0,23.0,0.0,2,105,9000,3500,0.0,0.0,0.0,3,0.845
5,548.6,146.3,22.5,0.0,2,108,10500,5430,0.0,0.0,0.0,4,0.867
6,548.6,216.3,21.2,0.0,4,111,12500,6870,0.0,0.0,0.0,4,0.869
7,548.6,77.1,22.4,0.0,4,106,18000,7500,1.5,9.1,0.0,4,0.893
8,548.6,90.3,22.8,0.0,2,105,21500,8240,6.7,38.5,0.0,5,0.927
9,548.6,238.5,22.8,0.0,2,103,26640,9353,8.4,76.8,1.0,5,1.043
10,548.6,62.0,22.7,0.0,2,102,30535,10234,76.9,97.5,13.0,5,1.05
1,563.9,336.6,21.3,0.0,4,106,6800,1600,0.0,0.0,0.0,0,
2,563.9,240.2,22.1,0.0,3,104,7050,2470,0.0,0.0,0.0,0,0.881
3,563.9,155.3,22.4,0.0,3,104,7300,2800,0.0,0.0,0.0,0,0.892
4,563.9,77.0,23.0,0.0,2,105,7850,3500,0.0,0.0,0.0,6,0.912
5,563.9,146.3,22.5,0.0,2,108,10500,5430,0.0,0.0,0.0,6,0.923
6,563.9,216.3,21.2,0.0,4,111,12500,6870,0.0,0.0,0.0,6,0.939
7,563.9,77.1,22.4,0.0,4,106,18000,7600,0.0,0.0,0.0,7,0.954
8,563.9,90.3,22.8,0.0,2,105,21500,8240,0.0,0.0,0.0,7,0.96
9,563.9,238.5,22.8,0.0,2,103,26640,9353,0.0,72.6,0.0,8,0.986
10,563.9,62.0,22.7,0.0,2,102,30535,10234,42.5,107.6,0.0,8,0.998
1,543.6,272.7,19.0,0.0,4,103,4400,440,0.0,0.0,0.0,1,0.0
2,543.6,155.0,19.8,0.0,3,109,4400,440,0.0,0.0,1.0,4,0.921
3,543.6,380.7,18.5,1.0,3,111,4500,455,0.0,0.0,1.0,4,0.954
4,543.6,349.8,18.4,0.0,3,115,3900,475,0.0,21.5,3.0,5,0.989
5,543.6,441.3,18.6,0.0,4,115,4100,500,0.0,27.6,4.0,5,1.059
6,543.6,288.6,18.7,0.0,3,110,4300,300,0.0,55.3,4.0,5,1.062
7,543.6,413.4,19.2,0.0,3,113,4720,240,0.0,56.7,4.0,6,1.07
8,543.6,272.5,19.4,0.0,3,108,5440,330,0.0,64.8,5.0,7,1.079
9,543.6,141.2,19.9,0.0,2,105,5600,300,0.0,73.9,5.0,7,1.083
10,543.6,198.7,19.4,0.0,2,106,5800,450,0.0,83.5,6.0,7,1.088
1,475.0,380.7,18.5,1.0,3,111,3780,467,7.5,82.1,2.0,18,0.994
2,475.0,349.8,18.4,0.0,3,115,3900,475,17.2,104.0,6.0,18,1.051
3,475.0,441.3,18.6,0.0,4,115,4100,500,19.3,111.6,24.0,19,1.091
4,475.0,288.6,18.7,0.0,3,110,4600,300,20.3,140.6,36.0,19,1.099
5,475.0,413.4,19.2,0.0,3,113,4720,240,211.6,180.5,43.0,19,1.11
6,475.0,272.5,19.4,0.0,3,108,5440,330,258.8,191.3,45.0,20,1.12
7,475.0,141.2,19.9,0.0,2,105,5600,300,271.8,195.5,51.0,20,1.15
8,475.0,198.7,19.4,0.0,2,106,6500,460,298.5,221.4,54.0,21,1.17
9,475.0,282.8,18.2,0.0,4,114,7000,500,318.5,240.4,55.0,21,1.19
10,475.0,101.6,19.6,0.0,2,101,4927,774,340.5,262.3,62.0,21,1.22
1,508.0,272.7,19.0,0.0,4,103,4400,440,0.0,0.0,0.0,0,1.114
2,508.0,155.0,19.8,0.0,3,109,4400,440,0.0,0.0,1.0,6,1.179
3,508.0,380.7,18.5,1.0,3,111,4250,450,0.0,0.0,1.0,9,1.961
4,508.0,349.8,18.4,0.0,3,115,3900,475,0.0,0.0,1.0,19,2.336
5,508.0,441.3,18.6,0.0,4,115,4100,500,0.0,0.0,4.0,24,2.421
6,508.0,288.6,18.7,0.0,3,110,4500,450,0.0,0.0,4.0,27,2.678
7,508.0,413.4,19.2,0.0,3,113,4720,240,0.0,0.0,5.0,29,2.917
8,508.0,272.5,19.4,0.0,3,108,5440,330,0.0,0.0,5.0,36,3.12
9,508.0,141.2,19.9,0.0,2,105,5600,300,0.0,0.0,5.0,39,3.45
10,508.0,198.7,19.4,0.0,2,106,5850,350,0.1,0.0,7.0,42,3.54
1,477.5,396.7,17.8,0.0,5,115,3720,297,0.0,0.0,0.0,0,0.725
2,477.5,210.2,18.7,0.0,3,113,3520,282,0.0,0.0,0.0,0,0.745
3,477.5,539.7,17.4,2.0,4,116,3640,340,0.0,17.4,0.0,0,0.785
4,477.5,377.0,17.2,0.0,3,121,3700,475,0.0,28.5,5.0,9,0.834
5,477.5,539.1,17.5,0.0,4,123,3900,500,0.0,33.5,5.0,9,0.895
6,477.5,422.7,17.6,0.0,3,114,4200,550,0.0,45.2,5.0,10,0.95
7,477.5,466.0,18.1,0.0,2,120,4550,575,0.0,54.3,6.0,11,0.993
8,477.5,322.1,18.4,0.0,3,110,4830,530,0.0,63.5,6.0,11,1.13
9,477.5,190.4,18.9,0.0,2,114,4800,550,26.2,73.5,6.0,13,1.232
10,477.5,297.5,18.3,0.0,2,113,5300,500,26.9,82.3,6.0,13,1.351
1,411.5,1845.3,16.9,10.0,23,110,753,330,0.0,0.0,0.0,5,0.897
2,411.5,1258.2,17.5,6.6,21,113,775,339,1.8,1.0,0.0,6,0.903
3,411.5,1201.5,16.9,27.0,19,113,798,350,21.1,3.7,0.0,6,0.94
4,411.5,1475.3,17.1,5.3,14,114,822,360,30.6,14.6,0.0,7,0.972
5,411.5,1396.7,18.4,0.0,16,115,847,371,109.2,45.5,0.0,7,0.978
6,411.5,1145.2,18.0,6.2,12,118,872,382,114.4,20.4,0.0,8,1.121
7,411.5,845.2,17.8,12.0,12,116,899,394,119.3,26.7,0.0,8,1.185
8,411.5,1167.2,17.4,3.0,12,118,925,405,125.8,31.4,1.0,10,1.373
9,411.5,1117.8,18.0,3.0,16,114,953,418,148.9,45.5,0.0,11,1.708
10,411.5,1593.8,17.1,6.0,15,114,982,430,190.1,52.4,0.0,17,2.183
1,619.76,1396.7,15.3,30.3,20,118,1083,474,0.0,0.0,0.0,2,0.787
2,619.76,1459.9,17.2,6.4,13,118,1115,489,0.0,0.0,0.0,2,0.792
3,619.76,1190.3,16.6,20.4,11,118,1149,503,0.0,0.0,0.0,2,0.801
4,619.76,944.8,16.4,41.0,12,113,1183,518,0.0,32.1,1.0,2,0.804
5,619.76,1469.2,15.7,20.0,17,117,1219,534,0.0,60.9,0.0,2,0.807
6,619.76,1402.5,16.4,11.0,17,117,1255,550,0.6,160.4,0.0,2,0.809
7,619.76,1671.9,15.8,26.0,13,112,1293,566,6.2,191.5,1.0,2,0.81
8,619.76,1588.4,16.3,16.0,21,112,1332,583,6.9,206.4,19.0,3,0.826
9,619.76,1411.8,16.3,7.0,12,113,1372,601,24.1,219.4,0.0,3,0.829
10,619.76,1249.9,16.6,4.0,15,115,1413,619,305.0,229.7,22.0,3,0.834
1,729.0,57.7,16.8,16.0,4,113,2325,2237,0.0,0.0,0.0,0,0.984
2,729.0,113.5,16.4,0.0,5,117,2960,2435,0.0,0.0,0.0,0,1.051
3,729.0,208.7,16.9,0.0,3,119,3342,2679,0.0,0.0,0.0,4,1.891
4,729.0,202.8,16.2,0.0,4,117,6272,3073,0.0,0.8,0.0,5,1.123
5,729.0,75.3,17.1,0.0,3,114,5572,2730,0.0,2.6,6.0,6,1.164
6,729.0,190.4,17.5,0.0,3,117,5012,2455,6.8,34.5,8.0,7,1.238
7,729.0,76.7,18.1,0.0,3,116,5012,2455,65.5,43.5,8.0,7,1.296
8,729.0,179.4,17.6,0.0,2,112,4407,1676,101.4,59.5,8.0,7,1.351
9,729.0,165.6,15.9,0.4,3,110,5132,2435,198.7,113.2,15.0,8,1.438
10,729.0,89.8,17.2,0.0,4,108,5539,3432,254.7,217.9,29.0,8,1.733
1,442.0,645.0,8.2,206.0,4,117,5425,3905,0.0,0.0,0.0,0,0.721
2,442.0,649.0,8.7,48.2,4,117,5475,2663,0.0,0.0,0.0,0,0.772
3,442.0,745.6,9.4,139.0,5,115,6300,2821,0.0,50.4,0.0,1,0.813
4,442.0,846.1,7.1,270.0,5,120,6608,3257,0.0,71.6,2.0,2,0.864
5,442.0,580.2,8.3,204.5,4,112,5852,2218,0.0,79.5,4.0,2,1.945
6,442.0,1101.2,8.7,78.2,6,121,5240,2020,0.0,86.4,6.0,3,1.081
7,442.0,1039.7,8.9,99.0,5,114,5649,2350,0.0,106.3,10.0,3,1.106
8,442.0,605.7,8.4,104.4,4,114,4816,2611,31.5,210.5,51.0,2,1.182
9,442.0,1243.4,7.7,145.3,3,110,5600,2923,39.9,312.5,57.0,5,1.249
10,442.0,667.3,8.1,161.0,5,114,5970,3130,67.1,391.1,61.0,5,1.519
1,861.0,2081.4,13.8,2.9,6,104,5100,359,0.0,152.2,66.0,6,2.102
2,861.0,1245.2,15.1,0.0,3,110,5100,181,0.0,196.3,82.0,6,2.192
3,861.0,1351.2,15.4,0.0,4,108,5100,181,91.5,198.3,85.0,6,2.201
4,861.0,1324.6,16.1,0.0,4,102,5100,181,98.2,199.5,89.0,7,2.216
5,861.0,1373.5,16.0,1.0,3,102,5100,181,105.7,201.4,93.0,7,2.231
6,861.0,1471.7,15.8,0.0,3,106,5100,181,120.7,207.2,105.0,8,2.283
7,861.0,1331.5,16.1,0.0,4,101,5200,184,123.7,218.2,130.0,8,2.312
8,861.0,1842.0,15.6,0.0,4,105,5300,188,127.5,226.3,142.0,8,2.33
9,861.0,1715.6,15.2,0.0,4,105,5300,188,128.2,235.3,161.0,9,2.345
10,861.0,886.3,15.7,0.0,3,108,6500,231,129.7,242.1,172.0,9,2.361
1,1351.0,645.0,8.2,206.0,4,117,1575,619,0.0,0.0,4.0,10,1.311
2,1351.0,649.0,8.7,48.2,4,117,1550,608,0.0,1.5,7.0,10,1.338
3,1351.0,745.6,9.4,139.0,5,115,1550,621,0.0,2.1,15.0,10,1.382
4,1351.0,846.1,7.1,270.0,5,120,1500,600,0.0,2.6,15.0,11,1.405
5,1351.0,580.2,8.3,204.5,4,112,1500,600,0.0,3.4,16.0,11,1.436
6,1351.0,1101.2,8.7,78.2,6,121,1550,608,0.0,5.3,16.0,11,1.46
7,1351.0,1039.7,8.9,99.0,5,114,1375,539,11.3,5.8,17.0,13,1.62
8,1351.0,605.7,8.4,104.4,4,114,1375,539,14.2,6.3,18.0,14,1.71
9,1351.0,1243.4,7.7,145.3,3,110,1400,512,18.3,8.3,19.0,16,1.91
10,1351.0,667.3,8.1,161.0,5,114,1550,543,20.5,9.45,19.0,17,1.93
1,405.0,1576.4,10.6,17.5,6,109,1975,379,0.0,30.6,24.0,0,1.059
2,405.0,1452.8,9.8,48.0,6,107,1975,386,0.0,35.6,27.0,3,1.14
3,405.0,1620.2,9.9,62.0,4,109,2175,388,0.0,44.3,29.0,3,1.142
4,405.0,1377.4,10.6,0.0,4,109,2150,384,1.8,78.4,30.0,3,1.149
5,405.0,1662.3,11.6,2.0,6,111,3640,390,2.1,177.1,34.0,4,1.152
6,405.0,1933.6,9.8,12.0,7,114,3720,390,3.1,185.4,39.0,4,1.155
7,405.0,1546.8,10.1,4.2,8,113,3800,400,3.8,194.5,41.0,4,1.16
8,405.0,2524.4,10.9,2.7,9,115,3800,403,4.3,204.1,44.0,5,1.171
9,405.0,3046.2,10.7,3.0,9,107,3760,398,4.9,206.6,47.0,6,1.19
10,405.0,1627.7,10.2,2.9,11,106,3760,398,5.4,210.5,48.0,6,1.206
1,405.0,2632.5,10.1,19.5,7,107,3840,260,0.0,59.5,6.0,3,0.871
2,405.0,1745.0,10.0,5.6,4,108,3840,260,0.0,80.5,6.0,3,0.92
3,405.0,1693.2,10.3,0.0,8,109,3840,260,0.0,87.3,7.0,4,0.95
4,405.0,1538.1,10.5,1.0,5,109,4000,271,1.2,101.5,9.0,5,1.317
5,405.0,1724.4,11.0,9.0,4,108,4000,271,1.9,108.4,14.0,5,1.524
6,405.0,1831.7,11.1,0.0,6,110,4000,271,2.5,115.4,17.0,6,1.592
7,405.0,1760.8,11.0,4.0,9,107,4400,298,3.7,123.6,28.0,6,1.669
8,405.0,2148.9,10.7,3.0,9,110,4400,298,7.7,135.8,30.0,6,1.819
9,405.0,2283.3,10.8,5.0,5,110,4360,295,9.9,190.8,34.0,7,1.837
10,405.0,1585.7,10.0,14.0,9,109,4360,295,10.3,229.4,36.0,8,1.863
1,819.0,1010.2,11.4,0.0,24,104,1038,264,0.0,0.0,22.0,3,1.024
2,819.0,1213.7,11.7,0.0,29,102,1075,274,0.0,162.3,23.0,3,1.059
3,819.0,926.4,11.5,0.0,20,102,1088,277,0.0,193.5,24.0,5,1.182
4,819.0,1257.4,12.9,0.0,16,103,1088,277,0.0,202.3,38.0,5,1.438
5,819.0,1318.2,12.0,0.0,18,103,1113,283,0.9,216.4,42.0,6,1.567
6,819.0,1120.6,11.8,0.0,28,103,1063,357,1.1,249.5,44.0,6,1.743
7,819.0,1734.7,12.5,0.0,30,102,1088,366,1.4,269.1,45.0,7,1.834
8,819.0,1937.8,12.2,0.0,29,102,1125,379,1.9,280.3,46.0,8,1.891
9,819.0,1070.6,12.7,0.0,27,103,1500,485,2.1,293.4,49.0,8,1.964
10,819.0,2001.6,11.7,0.0,22,101,6760,703,36.4,321.4,51.0,8,2.011
1,726.0,1209.4,10.8,23.0,6,108,1125,379,0.0,0.0,0.0,1,1.251
2,726.0,1325.6,11.0,33.0,4,114,1500,485,0.0,0.0,0.0,2,1.302
3,726.0,1091.0,11.6,0.0,6,108,2320,447,0.0,0.0,0.0,2,1.371
4,726.0,1529.6,12.5,0.0,6,110,2280,430,0.0,0.0,0.0,3,1.401
5,726.0,1581.4,10.9,5.0,5,111,2360,450,0.0,0.0,13.0,3,1.419
6,726.0,1213.8,10.9,1.5,9,115,2440,470,0.0,0.0,13.0,4,1.675
7,726.0,2186.9,11.8,0.0,5,119,2440,470,0.0,16.5,13.0,4,1.783
8,726.0,2386.0,11.8,1.0,6,114,2400,462,2.7,87.8,15.0,5,1.834
9,726.0,1168.0,11.3,0.9,11,112,3040,585,5.3,151.0,21.0,5,1.912
10,726.0,2253.1,10.7,10.0,6,111,2400,456,7.1,174.4,29.0,6,1.958
1,1194.0,549.0,14.1,0.0,6,118,8125,774,0.0,0.0,0.0,0,0.916
2,1194.0,438.2,14.7,3.0,5,119,8935,810,0.0,0.0,0.0,3,1.03
3,1194.0,626.4,14.7,0.0,8,120,9575,895,1.8,28.5,13.0,4,1.04
4,1194.0,826.6,15.2,0.0,6,120,10100,960,7.8,31.4,17.0,4,1.19
5,1194.0,965.3,14.2,0.0,6,117,10730,1000,13.6,35.7,24.0,6,1.28
6,1194.0,707.0,14.2,0.0,6,119,10730,1000,21.3,39.2,32.0,6,1.413
7,1194.0,1332.1,14.7,0.0,6,120,10730,1000,28.9,43.9,37.0,7,1.509
8,1194.0,1079.3,15.1,0.0,6,112,12325,1149,187.6,48.1,45.0,8,1.569
9,1194.0,709.2,15.0,0.0,4,118,12325,1149,192.3,53.4,63.0,8,1.581
10,1194.0,1255.9,13.7,0.1,8,130,12325,908,196.7,61.2,69.0,8,1.604
1,668.0,385.5,12.7,0.0,22,105,6720,296,0.2,28.2,10.0,8,1.319
2,668.0,342.4,12.9,0.0,19,105,7080,312,2.2,29.7,12.0,8,1.321
3,668.0,471.4,12.6,0.0,21,104,7560,305,4.5,32.3,14.0,8,1.35
4,668.0,510.7,13.9,0.0,20,105,7920,317,11.5,34.4,17.0,9,1.363
5,668.0,685.1,13.4,0.0,22,106,8280,331,16.7,39.9,19.0,9,1.389
6,668.0,563.2,12.7,0.0,24,105,8640,346,26.5,49.5,23.0,9,1.409
7,668.0,879.1,13.3,0.0,21,106,8880,355,33.4,62.9,31.0,9,1.432
8,668.0,731.6,13.2,0.0,24,104,9000,480,52.6,79.2,42.0,10,1.457
9,668.0,612.0,13.9,0.0,20,104,10680,555,105.4,99.8,48.0,10,1.464
10,668.0,949.5,13.1,0.0,26,107,10680,555,158.6,120.6,52.0,10,1.561
1,617.0,816.9,13.3,3.0,9,111,2525,172,2.3,45.5,39.0,5,1.357
2,617.0,701.4,13.6,4.0,8,116,2730,177,2.4,46.7,45.0,5,1.367
3,617.0,885.4,14.0,0.0,8,113,3105,185,2.5,48.8,63.0,5,1.407
4,617.0,1256.6,14.6,0.0,8,111,3955,198,2.7,60.5,63.0,5,1.446
5,617.0,1318.4,13.4,0.0,7,117,4600,208,2.75,84.5,63.0,6,1.472
6,617.0,875.2,13.4,0.0,8,108,5350,214,2.8,108.0,65.0,6,1.523
7,617.0,1948.5,14.0,0.0,7,118,5350,214,3.2,122.6,65.0,6,1.531
8,617.0,1699.2,14.4,0.0,7,110,4700,188,4.6,140.3,77.0,6,1.547
9,617.0,903.5,14.0,0.0,7,110,4800,192,6.5,170.3,91.0,7,1.563
10,617.0,1830.4,13.0,1.3,8,114,5500,220,7.6,220.4,100.0,7,1.576
1,381.0,646.9,15.2,6.0,4,106,3100,226,0.0,11.1,1.0,3,1.671
2,381.0,548.3,15.5,8.0,6,102,2800,204,0.0,29.5,5.0,3,1.684
3,381.0,884.5,15.5,0.0,6,105,2500,180,0.0,71.0,13.0,4,1.692
4,381.0,965.7,16.3,0.0,5,105,2100,110,0.0,118.4,18.0,5,1.697
5,381.0,1007.3,15.2,0.0,5,101,1875,90,0.7,148.7,18.0,5,1.727
6,381.0,806.5,15.3,0.0,5,104,1875,92,4.8,170.4,18.0,5,1.736
7,381.0,1658.6,15.7,0.0,3,101,1775,80,6.5,185.4,19.0,6,1.742
8,381.0,1754.6,16.1,0.0,6,104,1775,80,20.5,215.5,19.0,6,1.753
9,381.0,915.6,16.2,0.2,5,106,2054,93,77.9,22.5,20.0,7,1.802
10,381.0,1642.0,14.2,2.3,7,109,1876,84,116.5,229.7,23.0,7,1.841
1,323.0,60.7,18.5,6.0,2,112,2825,2492,0.0,11.6,21.0,3,0.781
2,323.0,103.7,17.5,16.0,3,110,2800,2470,0.0,19.5,43.0,3,0.864
3,323.0,179.3,17.1,0.0,4,119,2800,2470,0.0,35.3,43.0,4,0.929
4,323.0,280.6,17.5,0.0,3,113,4335,1578,0.0,45.5,46.0,4,1.094
5,323.0,383.4,16.9,0.0,4,115,4335,1578,0.0,57.6,47.0,4,1.132
6,323.0,147.1,18.0,0.0,4,109,4454,1621,0.0,79.7,48.0,5,1.167
7,323.0,189.9,18.2,0.0,5,115,4290,1561,1.1,87.3,52.0,6,1.234
8,323.0,159.7,18.8,0.0,3,111,4800,1750,1.3,96.3,56.0,7,1.297
9,323.0,284.3,18.3,0.0,2,117,4414,1337,1.6,101.5,59.0,7,1.342
10,323.0,188.2,16.8,0.0,3,116,4334,1305,2.1,109.9,65.0,8,1.387
1,571.0,149.7,17.1,0.0,4,115,2550,217,0.0,15.2,13.0,2,0.609
2,571.0,173.7,16.9,0.0,4,112,2650,225,0.0,16.7,14.0,2,0.66
3,571.0,413.1,16.3,0.0,5,106,2650,225,0.0,17.9,15.0,3,0.679
4,571.0,533.6,17.0,0.0,4,114,3976,196,0.0,19.3,15.0,4,0.712
5,571.0,550.9,16.2,0.0,4,107,5567,529,0.0,21.2,17.0,4,0.741
6,571.0,251.5,16.6,0.0,7,112,18292,486,0.0,23.6,17.0,6,0.793
7,571.0,613.5,17.2,0.0,5,109,15660,854,0.0,26.7,18.0,6,0.894
8,571.0,365.3,17.6,0.0,4,116,15080,761,0.0,29.5,18.0,7,0.931
9,571.0,295.0,17.3,0.0,4,112,15660,788,0.0,31.5,19.0,7,0.99
10,571.0,546.8,15.6,0.0,6,113,16530,1015,0.0,33.6,19.0,7,1.002
1,516.0,144.3,15.9,1.0,5,117,950,221,0.6,214.5,12.0,5,1.528
2,516.0,174.2,15.7,4.0,4,113,1000,232,3.7,224.5,19.0,5,1.618
3,516.0,387.6,15.4,0.0,6,110,1050,240,15.2,236.3,32.0,5,1.709
4,516.0,492.8,16.0,0.0,6,115,1130,233,22.7,254.4,40.0,7,1.718
5,516.0,462.4,15.3,0.0,4,113,1200,229,27.5,263.5,43.0,7,1.73
6,516.0,268.4,15.4,0.0,6,114,1150,219,33.5,276.1,47.0,8,1.762
7,516.0,575.0,15.8,0.0,6,110,1250,238,89.5,282.4,55.0,8,1.823
8,516.0,442.9,16.5,0.0,5,117,1250,238,161.5,289.9,63.0,9,1.942
9,516.0,374.4,16.1,0.0,5,118,950,180,288.6,294.2,67.0,10,2.216
10,516.0,745.7,14.1,0.0,5,114,1175,240,447.5,299.1,111.0,10,2.328
1,516.0,253.5,15.2,0.0,4,121,1200,265,290.5,0.0,117.0,6,2.224
2,516.0,402.9,15.6,0.0,5,118,1200,265,299.5,0.0,117.0,8,2.329
3,516.0,514.2,15.9,0.0,6,116,1200,265,305.0,0.0,130.0,10,2.334
4,516.0,272.3,15.8,0.0,5,114,1300,286,319.2,152.4,142.0,10,2.352
5,516.0,305.7,16.1,0.0,6,115,1250,275,323.5,177.5,142.0,11,2.381
6,516.0,393.9,15.9,0.0,6,117,1450,319,342.8,193.6,157.0,12,2.407
7,516.0,447.3,15.6,0.0,6,110,1450,319,353.7,222.5,164.0,13,2.419
8,516.0,480.4,15.6,0.0,5,116,1500,330,460.7,267.8,180.0,13,2.445
9,516.0,204.8,15.9,0.0,6,117,1500,330,487.7,285.0,191.0,14,2.49
10,516.0,340.5,15.6,0.0,6,117,1550,335,498.4,295.6,201.0,14,2.555
1,520.0,313.9,15.9,0.0,4,114,4150,166,0.0,36.9,10.0,3,1.29
2,520.0,369.3,16.4,0.0,5,109,6400,307,0.0,43.9,11.0,3,1.3
3,520.0,250.0,15.8,4.0,4,119,6450,310,0.0,47.8,13.0,4,1.31
4,520.0,256.0,15.7,8.0,4,114,6200,290,0.0,51.5,13.0,4,1.321
5,520.0,392.7,15.6,0.0,6,115,5870,250,0.0,54.8,21.0,5,1.369
6,520.0,476.2,16.4,0.0,4,112,4560,198,0.0,59.2,21.0,5,1.396
7,520.0,524.5,15.5,0.0,3,118,3550,156,0.0,64.6,22.0,4,1.412
8,520.0,272.4,15.8,0.0,4,114,3700,163,0.0,66.1,22.0,5,1.445
9,520.0,612.3,16.2,0.0,4,111,3700,163,0.0,82.5,27.0,5,1.464
10,520.0,580.1,16.6,0.0,4,116,3750,165,0.0,103.1,27.0,5,1.49
1,520.0,384.1,16.2,0.0,3,118,3650,478,0.0,67.3,27.0,3,1.528
2,520.0,876.5,14.3,0.0,4,120,3750,488,0.0,75.3,27.0,3,1.544
3,520.0,252.6,15.8,0.0,3,114,3850,616,0.0,88.7,31.0,3,1.606
4,520.0,433.2,16.1,0.0,4,110,3850,616,0.0,87.9,31.0,5,1.613
5,520.0,554.4,16.3,0.0,4,116,3850,655,0.0,110.0,34.0,5,1.636
6,520.0,382.2,16.1,0.0,4,116,4200,714,0.0,116.4,39.0,6,1.64
7,520.0,393.2,16.6,0.0,3,110,4500,675,0.0,123.4,41.0,6,1.645
8,520.0,385.2,16.2,0.0,5,119,4600,690,0.0,139.5,83.0,8,1.653
9,520.0,500.1,16.2,0.0,3,111,4850,728,0.0,153.7,83.0,9,1.661
10,520.0,538.7,16.2,0.0,4,115,5950,560,0.0,196.3,85.0,12,1.67
1,485.0,896.5,15.2,10.0,4,104,3000,210,0.0,25.6,22.0,6,1.719
2,485.0,1004.3,15.5,0.0,5,104,2500,175,0.0,163.5,38.0,7,1.747
3,485.0,1449.4,15.9,0.0,4,105,1800,145,0.0,165.3,41.0,7,1.803
4,485.0,1564.6,14.4,7.0,3,103,1550,110,2.5,172.5,44.0,8,1.823
5,485.0,904.9,15.0,0.3,3,105,1200,95,5.3,178.5,48.0,8,1.837
6,485.0,2356.8,15.3,0.0,5,102,4500,315,8.2,186.2,53.0,8,1.853
7,485.0,2236.8,15.7,0.0,4,108,4500,315,15.8,188.1,57.0,9,1.862
8,485.0,1078.8,15.6,0.9,3,105,1550,109,19.9,191.5,58.0,9,1.882
9,485.0,2081.4,13.8,2.9,6,104,5100,359,30.4,194.8,80.0,10,1.907
10,485.0,1245.2,15.1,0.0,3,110,5100,181,35.6,199.8,91.0,10,2.066
1,612.0,236.0,7.3,657.0,3,111,430,65,0.0,167.6,14.0,4,2.2
2,612.0,336.5,7.8,517.0,6,111,395,75,0.0,209.4,16.0,5,2.26
3,612.0,370.8,6.9,562.1,7,112,375,100,3.9,272.9,22.0,5,2.3
4,612.0,458.3,7.7,485.0,8,110,425,90,6.4,304.1,37.0,6,2.38
5,612.0,466.1,6.2,564.0,7,113,450,95,9.8,314.7,51.0,6,2.44
6,612.0,291.2,8.3,416.3,6,110,470,89,14.9,322.6,53.0,6,2.512
7,612.0,483.0,7.5,260.4,8,109,495,80,19.7,356.7,57.0,7,2.585
8,612.0,521.9,7.4,526.0,6,110,525,85,19.9,380.7,59.0,8,2.754
9,612.0,495.9,7.1,542.8,6,110,542,81,22.3,402.5,60.0,8,2.771
10,612.0,360.8,7.6,391.2,9,109,565,87,24.6,410.9,62.0,9,2.821
1,612.0,396.9,7.8,263.0,8,106,600,80,13.0,40.4,13.0,1,1.843
2,612.0,369.5,8.4,364.0,4,116,560,80,15.0,42.4,16.0,1,1.886
3,612.0,339.4,8.7,362.0,5,116,480,85,18.6,81.4,46.0,2,1.895
4,612.0,324.3,8.2,421.0,4,115,115,26,21.6,84.3,53.0,3,1.912
5,612.0,355.3,8.8,292.0,5,109,115,25,27.8,89.1,72.0,3,1.934
6,612.0,389.3,8.3,383.0,7,107,120,25,29.5,94.3,78.0,4,1.962
7,612.0,504.0,8.4,283.0,7,114,100,20,33.3,99.6,81.0,4,1.983
8,612.0,395.4,8.3,368.0,5,105,100,21,39.7,101.4,85.0,5,1.991
9,612.0,382.4,8.7,522.0,5,105,89,49,41.5,110.4,87.0,6,2.021
10,612.0,350.3,7.3,537.0,6,107,130,80,56.3,119.2,93.0,8,2.051
1,612.0,445.3,7.5,427.0,8,110,90,47,0.5,19.4,19.0,1,1.102
2,612.0,558.4,7.7,427.0,6,108,91,47,1.7,26.1,20.0,1,1.107
3,612.0,533.2,7.2,469.0,8,112,91,47,2.8,26.6,20.0,2,1.229
4,612.0,318.9,9.5,322.0,4,109,120,55,1.9,27.0,23.0,2,1.232
5,612.0,460.1,7.7,530.0,5,111,120,55,3.2,27.3,23.0,2,1.307
6,612.0,536.6,8.3,352.0,7,119,130,59,3.6,27.7,25.0,2,1.385
7,612.0,514.2,8.8,362.0,8,111,100,48,4.3,34.5,26.0,3,1.465
8,612.0,452.1,8.2,504.0,6,107,110,53,4.5,53.0,27.0,3,1.495
9,612.0,507.3,8.7,377.7,8,110,110,53,5.1,59.0,27.0,3,1.532
10,612.0,383.0,8.8,363.0,4,106,115,54,6.3,82.0,28.0,3,1.583
1,282.0,379.7,12.5,171.2,7,111,1850,255,6.3,0.0,13.0,16,1.961
2,282.0,564.9,13.6,57.7,4,108,1760,260,23.1,5.4,14.0,16,2.0
3,282.0,579.5,12.9,110.7,6,112,1820,255,39.4,10.6,15.0,17,2.016
4,282.0,419.9,13.0,111.7,7,107,1960,270,46.6,12.2,17.0,18,2.029
5,282.0,381.5,12.9,168.0,5,105,2050,290,53.4,18.1,24.0,18,2.042
6,282.0,449.6,13.1,121.0,5,102,1960,285,71.2,21.4,35.0,18,2.052
7,282.0,449.0,12.8,100.6,6,109,1755,265,82.4,24.8,48.0,19,2.065
8,282.0,542.1,12.8,62.0,5,113,1755,270,93.9,32.2,54.0,21,2.37
9,282.0,639.7,12.0,123.0,6,107,1822,257,98.8,37.8,55.0,23,2.4
10,282.0,444.2,13.5,58.7,6,110,1868,266,169.5,44.4,56.0,25,2.516
1,512.0,392.8,11.4,217.0,5,111,8820,1062,33.3,4.0,25.0,5,2.291
2,512.0,609.6,11.3,153.0,6,99,8640,1130,33.5,22.3,41.0,5,2.425
3,512.0,731.8,11.1,128.0,5,101,8640,1220,33.7,64.4,44.0,6,2.597
4,512.0,712.3,11.3,101.0,7,103,9135,1240,33.8,92.3,47.0,6,2.665
5,512.0,625.0,10.4,156.0,7,105,9720,1260,64.1,120.9,63.0,8,3.005
6,512.0,518.2,11.8,79.3,6,102,10300,1290,101.1,151.4,69.0,9,3.182
7,512.0,439.8,11.2,99.8,7,102,10800,1330,116.6,200.6,71.0,10,3.37
8,512.0,527.3,11.5,160.0,4,99,11100,1365,205.4,200.9,81.0,10,3.521
9,512.0,526.8,10.8,191.8,5,105,11430,1391,224.3,207.6,87.0,11,3.571
10,512.0,641.5,11.5,107.0,5,104,12831,1528,335.8,217.9,92.0,12,3.712
1,635.0,741.5,9.9,233.0,6,104,4320,1165,0.0,131.9,13.0,19,1.202
2,635.0,684.4,9.6,179.2,6,110,4500,1280,0.0,133.0,14.0,19,1.298
3,635.0,664.2,9.9,168.0,9,100,4500,1355,0.0,143.4,16.0,19,1.328
4,635.0,727.3,8.7,237.0,8,101,4850,1430,0.0,162.4,16.0,20,1.36
5,635.0,562.8,10.5,139.0,7,103,5100,1590,0.0,171.2,15.0,20,1.37
6,635.0,630.7,9.6,143.2,8,99,5450,1640,0.0,183.4,16.0,23,1.399
7,635.0,623.4,9.7,299.0,6,98,5800,1780,0.0,196.5,17.0,23,1.425
8,635.0,665.4,9.3,289.0,7,100,6210,1820,0.0,206.9,17.0,24,1.462
9,635.0,704.4,9.9,169.4,8,107,6390,1880,0.5,247.6,18.0,25,1.512
10,635.0,724.9,10.2,84.0,7,101,6300,1850,1.0,285.5,22.0,25,1.552
1,635.0,507.9,10.6,133.0,6,105,6325,1860,2.0,261.4,28.0,4,1.292
2,635.0,668.2,10.8,124.0,6,99,6325,1390,3.3,263.6,31.0,6,1.335
3,635.0,334.8,10.3,191.0,5,100,13707,2071,3.2,298.3,32.0,7,1.365
4,635.0,576.5,10.6,133.0,6,107,11520,1738,3.5,312.6,37.0,8,1.381
5,635.0,719.1,10.2,164.0,7,103,14760,2230,5.4,332.2,57.0,8,1.445
6,635.0,759.5,10.7,158.0,6,104,18770,2840,6.8,333.9,75.0,9,1.487
7,635.0,714.8,10.6,176.0,5,97,18770,2840,8.4,345.2,79.0,10,1.511
8,635.0,594.4,10.5,310.0,8,100,30915,4672,11.1,369.6,91.0,10,1.529
9,635.0,571.8,9.8,231.0,6,99,30420,4597,12.2,391.6,124.0,11,1.643
10,635.0,629.2,9.3,231.0,9,98,30330,3924,14.1,402.3,157.0,12,1.767
1,349.0,827.2,6.9,400.0,7,107,6345,305,0.0,0.0,6.0,4,1.182
2,349.0,1010.6,6.5,376.2,7,108,6660,265,0.0,0.0,14.0,5,1.214
3,349.0,691.4,6.7,370.0,9,104,8010,310,0.0,0.0,14.0,5,1.225
4,349.0,705.0,6.0,411.0,8,107,8530,360,0.0,67.4,15.0,7,1.234
5,349.0,673.0,7.3,330.3,7,103,9100,410,0.0,75.4,16.0,7,1.253
6,349.0,689.0,6.6,291.7,8,107,9640,460,1.3,87.8,18.0,10,1.271
7,349.0,781.6,6.9,423.0,8,100,9800,495,2.4,96.3,21.0,10,1.312
8,349.0,660.5,6.4,498.6,7,105,10170,530,3.5,112.5,14.0,12,1.339
9,349.0,828.9,7.0,336.6,8,108,10670,550,6.4,135.4,27.0,18,1.364
10,349.0,819.5,7.2,246.8,7,105,10310,530,8.3,146.7,57.0,22,1.38
1,349.0,658.7,7.6,318.0,7,110,10475,545,0.0,0.0,0.0,4,1.021
2,349.0,672.2,7.7,324.0,6,110,9900,395,0.0,0.0,0.0,4,1.031
3,349.0,293.3,7.6,365.0,5,102,9520,318,0.0,3.8,0.0,5,1.055
4,349.0,712.5,7.7,291.0,6,103,9861,184,0.3,4.7,1.0,5,1.073
5,349.0,803.0,7.1,339.0,6,104,10148,182,0.8,6.3,1.0,7,1.099
6,349.0,727.3,7.7,286.0,7,109,9980,180,1.5,8.4,4.0,7,1.12
7,349.0,942.6,7.3,329.0,5,102,10019,178,3.7,11.2,5.0,7,1.19
8,349.0,731.8,7.2,484.0,9,106,9804,165,7.6,13.3,9.0,9,1.255
9,349.0,535.2,6.7,446.0,6,103,9030,99,14.7,18.3,10.0,9,1.324
10,349.0,636.9,6.5,397.0,7,102,9374,165,19.0,23.2,11.0,11,1.455
1,1022.0,449.6,13.1,121.0,5,102,1960,285,0.0,0.0,0.0,2,1.051
2,1022.0,449.0,12.8,100.6,6,109,1755,265,2.0,0.0,7.0,5,1.115
3,1022.0,542.1,12.8,62.0,5,113,1755,270,4.3,26.4,14.0,5,1.198
4,1022.0,639.7,12.0,123.0,6,107,1822,257,7.6,32.8,15.0,5,1.255
5,1022.0,444.2,13.5,58.7,6,110,1868,266,13.2,43.3,19.0,6,1.289
6,1022.0,372.6,13.0,64.3,5,107,1870,225,23.9,66.4,20.0,6,1.324
7,1022.0,474.5,13.0,131.0,4,101,2230,230,35.4,83.2,20.0,7,1.605
8,1022.0,549.0,12.3,154.9,4,111,2300,240,48.5,97.8,23.0,7,1.689
9,1022.0,442.3,13.1,78.4,3,104,2385,250,58.9,143.2,23.0,8,1.784
10,1022.0,576.2,13.3,24.8,7,108,2385,250,75.5,176.7,26.0,9,1.932
1,811.0,393.9,7.8,506.0,4,113,4050,740,0.0,10.8,0.0,11,0.994
2,811.0,394.3,6.7,533.2,7,115,4120,770,0.0,31.2,0.0,12,1.104
3,811.0,446.1,7.4,489.0,7,108,3975,675,0.0,36.4,0.0,12,1.129
4,811.0,510.2,6.1,573.0,7,107,4000,695,0.0,40.6,1.0,12,1.162
5,811.0,365.4,8.0,448.0,6,106,4135,725,0.0,79.3,1.0,12,1.188
6,811.0,458.9,7.4,252.6,6,110,4270,760,5.5,87.3,2.0,13,1.212
7,811.0,526.7,7.4,513.0,5,107,4400,795,8.3,96.4,3.0,13,1.243
8,811.0,490.7,7.0,512.1,6,112,4565,835,18.4,102.4,3.0,13,1.295
9,811.0,351.7,7.5,388.5,8,110,4795,850,29.5,112.5,4.0,14,1.303
10,811.0,325.8,7.8,258.3,8,108,4910,860,36.7,121.3,4.0,14,1.354
1,811.0,324.4,8.4,330.0,4,107,5020,880,0.0,57.2,0.0,2,0.461
2,811.0,371.9,8.6,356.0,6,112,4400,795,0.0,67.4,0.0,2,0.481
3,811.0,318.2,8.2,404.0,3,115,4545,1099,9.9,75.7,0.0,4,0.512
4,811.0,340.2,8.7,294.0,4,109,4147,844,15.2,88.3,0.0,5,0.561
5,811.0,503.2,8.0,417.0,7,106,4980,1017,30.6,110.2,0.0,7,0.618
6,811.0,529.0,8.1,292.0,7,105,5250,1070,39.5,121.2,1.0,7,0.632
7,811.0,425.0,7.9,388.0,5,114,6240,1271,52.3,139.2,7.0,8,0.654
8,811.0,397.4,8.3,555.0,4,111,6780,1382,67.8,142.3,11.0,9,0.667
9,811.0,377.4,6.8,668.0,7,114,6750,1451,83.4,147.8,21.0,10,0.691
10,811.0,427.4,7.5,463.0,8,114,5310,1140,89.6,152.4,25.0,10,0.718
1,876.0,338.3,8.6,395.0,5,109,2520,355,0.0,7.3,0.0,7,1.107
2,876.0,316.9,7.8,336.2,5,124,2925,375,0.0,7.8,0.0,7,1.41
3,876.0,346.3,8.2,338.0,7,110,3130,375,0.0,13.3,0.0,8,1.532
4,876.0,300.5,7.3,382.0,6,107,3465,441,0.0,23.3,1.0,8,1.592
5,876.0,289.7,8.7,347.8,5,110,2640,415,0.5,34.5,1.0,10,1.652
6,876.0,320.1,8.2,165.6,6,125,4230,385,4.0,43.2,1.0,10,1.726
7,876.0,337.5,8.3,420.0,4,107,4430,410,7.0,54.3,1.0,10,1.772
8,876.0,368.2,7.9,360.8,5,109,4740,425,8.0,59.6,2.0,12,1.901
9,876.0,266.8,8.2,278.2,7,112,5150,455,13.0,73.5,2.0,12,2.008
10,876.0,269.0,8.5,175.8,6,104,5450,505,18.5,85.4,2.0,13,2.091
1,1402.0,1289.4,12.5,75.4,21,114,4352,392,0.0,0.0,0.0,1,0.835
2,1402.0,1158.1,14.0,26.2,22,117,4613,416,0.0,0.0,0.0,14,0.841
3,1402.0,1241.6,13.4,59.4,22,116,4890,440,0.0,0.0,0.0,5,0.845
4,1402.0,1281.0,12.2,157.0,28,117,5183,467,0.8,0.0,0.0,5,0.852
5,1402.0,1009.5,13.2,43.0,23,127,5494,495,11.4,0.0,0.0,5,0.868
6,1402.0,1166.8,14.0,36.0,19,119,5824,525,26.1,0.0,0.0,5,0.882
7,1402.0,1718.6,12.0,148.0,34,117,6173,556,90.9,33.4,0.0,6,0.958
8,1402.0,1224.3,13.0,165.0,33,120,6544,589,155.7,36.7,0.0,6,1.073
9,1402.0,1352.7,13.0,129.0,21,122,6936,625,238.0,39.3,0.0,7,1.145
10,1402.0,1272.8,14.0,23.0,28,121,7353,662,275.4,43.8,0.0,7,1.211
1,796.0,878.0,24.0,0.0,16,108,7849,1115,0.0,0.0,0.0,4,0.511
2,796.0,1081.8,24.4,0.0,25,114,8041,1142,0.0,0.0,0.0,4,0.542
3,796.0,1473.4,23.8,0.0,29,107,8150,900,0.0,0.0,0.0,5,0.564
4,796.0,1008.3,23.1,0.0,29,109,7590,650,0.0,0.0,0.0,5,0.592
5,796.0,1234.7,23.0,0.0,39,106,7000,420,0.0,0.0,0.0,6,0.614
6,796.0,1558.3,23.7,0.0,35,108,7850,114,0.0,0.0,0.0,6,0.634
7,796.0,1846.9,23.0,0.0,45,111,9071,131,0.0,0.0,0.0,6,0.662
8,796.0,1146.6,22.8,0.0,31,108,9240,223,0.0,0.0,0.0,7,0.678
9,796.0,1368.9,23.8,0.0,26,105,9500,231,0.0,0.0,0.0,7,0.681
10,796.0,1201.2,23.9,0.0,33,106,9700,237,0.0,0.0,0.0,7,0.692
1,796.0,1687.0,23.4,0.0,22,108,9900,244,0.0,0.0,0.0,3,0.7
2,796.0,733.7,23.4,0.0,28,111,10200,280,0.0,0.0,1.0,3,0.701
3,796.0,1450.2,23.6,0.0,18,115,10300,315,1.0,0.0,1.0,3,0.729
4,796.0,1034.6,23.7,0.0,35,108,10501,267,1.4,4.5,2.0,6,0.761
5,796.0,1213.1,23.7,0.0,27,112,10740,275,3.8,5.5,2.0,6,0.806
6,796.0,1198.4,23.9,0.0,23,111,10890,283,6.22,6.3,3.0,6,0.808
7,796.0,1488.6,23.3,0.0,28,110,11120,292,7.1,6.9,3.0,8,0.831
8,796.0,968.6,23.8,0.0,23,107,11490,300,15.2,7.2,3.0,9,0.871
9,796.0,1063.0,24.2,0.0,22,109,11645,377,22.3,7.7,4.0,9,0.932
10,796.0,1312.8,23.5,0.0,23,109,11430,319,27.9,8.4,4.0,12,0.999
1,796.0,1181.0,23.8,0.0,24,110,11630,350,28.0,2.5,16.0,5,1.102
2,796.0,1038.5,22.3,0.0,18,111,11900,385,39.5,2.9,21.0,5,1.085
3,796.0,1178.8,24.4,0.0,24,110,12234,405,51.8,3.8,21.0,5,1.121
4,796.0,1132.3,23.9,0.0,19,109,12340,390,57.8,4.4,23.0,5,1.177
5,796.0,1302.3,24.0,0.0,21,104,12590,430,66.8,5.3,27.0,6,1.801
6,796.0,1166.8,23.9,0.0,25,108,12650,460,73.5,6.4,27.0,6,1.837
7,796.0,1099.2,25.1,0.0,27,109,12710,445,81.7,7.3,33.0,6,1.828
8,796.0,1611.8,23.9,0.0,32,112,12785,480,89.4,7.8,35.0,9,1.853
9,796.0,1507.7,24.4,0.0,20,109,12840,495,96.5,8.6,39.0,9,1.883
10,796.0,947.6,24.1,0.0,20,105,12940,490,99.3,9.2,42.0,12,1.912
1,418.0,1141.9,17.1,25.0,19,121,4396,460,0.0,89.5,0.0,3,0.932
2,418.0,734.9,19.0,0.0,11,117,5850,328,0.0,89.5,0.0,3,0.951
3,418.0,1391.5,17.7,1.3,14,119,5400,302,0.0,110.5,1.0,3,0.963
4,418.0,1529.3,17.0,1.0,20,114,8550,479,1.0,114.9,2.0,3,0.972
5,418.0,1161.5,17.4,1.0,12,113,9900,554,1.0,121.6,4.0,3,1.029
6,418.0,1917.3,17.1,8.9,27,115,10800,605,1.3,129.5,4.0,4,1.038
7,418.0,1350.1,17.8,6.5,21,116,10350,580,1.4,137.6,5.0,4,1.095
8,418.0,1219.1,17.2,18.0,22,124,10575,592,1.7,140.8,8.0,5,1.129
9,418.0,1283.8,17.5,4.4,14,119,9450,529,1.7,277.4,11.0,5,1.162
10,418.0,1482.8,18.6,0.0,18,118,10350,580,1.9,285.12,24.0,5,1.297
1,423.0,1537.9,14.7,39.0,24,116,3295,422,0.0,134.3,0.0,4,0.802
2,423.0,1003.7,16.5,2.0,20,112,4402,577,0.0,138.8,0.0,4,0.809
3,423.0,1243.6,15.8,5.9,21,114,4900,656,0.0,139.1,0.0,4,0.816
4,423.0,1725.9,15.0,6.0,26,110,5005,683,0.0,151.6,0.0,5,0.82
5,423.0,1236.7,15.4,21.0,13,110,5206,725,47.6,152.5,0.0,5,0.834
6,423.0,1805.7,15.1,33.7,28,113,5383,765,122.0,153.0,4.0,5,0.846
7,423.0,1473.3,15.4,21.2,20,112,5534,652,131.7,157.3,59.0,5,0.858
8,423.0,1273.6,14.9,44.0,22,115,5695,671,140.6,159.3,98.0,6,0.883
9,423.0,1319.2,15.3,14.7,16,114,5805,877,149.5,162.4,186.0,6,0.908
10,423.0,1375.9,16.8,0.4,14,118,5940,604,167.4,166.4,195.0,6,0.934
1,365.0,1370.0,15.9,39.0,23,118,1511,121,0.0,153.3,0.0,2,0.657
2,365.0,789.9,17.8,1.0,13,117,2214,290,0.0,153.3,0.0,2,0.673
3,365.0,1500.4,16.9,1.9,15,117,1544,207,0.0,256.0,0.0,3,0.724
4,365.0,1380.8,16.1,3.0,14,111,2409,329,1.3,265.6,0.0,3,0.778
5,365.0,1213.8,16.4,7.0,12,111,2623,365,15.5,298.5,2.0,3,0.782
6,365.0,2142.9,16.2,17.9,25,111,2808,399,28.9,336.9,2.0,4,0.844
7,365.0,1440.4,16.8,11.8,19,110,1890,423,88.8,456.7,7.0,4,0.882
8,365.0,1239.3,16.2,32.0,18,120,2993,443,103.5,536.6,18.0,4,0.949
9,365.0,1428.1,16.5,8.0,13,113,2970,448,124.9,570.5,34.0,7,0.973
10,365.0,1587.0,17.8,0.1,16,120,3078,358,140.4,591.4,51.0,7,0.997
1,511.0,1620.8,13.6,60.0,25,117,1695,217,0.0,0.0,0.0,10,0.763
2,511.0,1158.0,15.3,6.0,18,108,2487,229,0.0,0.0,0.0,11,0.783
3,511.0,1318.5,14.6,15.6,22,117,2748,258,0.0,0.0,0.0,11,0.868
4,511.0,1893.1,13.7,12.0,26,109,2992,287,0.0,0.0,1.0,12,0.879
5,511.0,1267.4,14.3,35.0,13,115,2666,261,0.0,0.0,1.0,12,0.883
6,511.0,1933.7,14.0,53.4,25,114,3072,307,0.0,9.9,2.0,12,0.99
7,511.0,1554.6,14.3,48.9,19,112,3816,389,0.0,12.7,7.0,13,1.11
8,511.0,1424.2,13.7,90.0,20,115,4176,434,0.0,20.7,10.0,14,1.262
9,511.0,1310.4,14.1,30.8,17,115,5040,534,0.0,25.4,47.0,14,1.345
10,511.0,1314.1,15.7,3.8,13,110,5238,269,0.0,29.6,97.0,17,1.481
1,356.0,745.9,20.3,0.0,19,125,3150,334,0.0,146.7,0.0,2,0.692
2,356.0,1421.9,18.8,0.6,15,120,3150,334,0.0,153.2,0.0,2,0.697
3,356.0,1183.0,18.3,0.0,20,116,2700,286,0.0,162.9,0.0,2,0.704
4,356.0,1310.8,18.7,0.0,16,116,3600,382,0.0,174.3,0.0,3,0.721
5,356.0,1582.4,18.5,1.3,36,115,3150,334,0.0,185.3,4.0,4,0.734
6,356.0,1091.3,18.9,0.7,23,116,3150,334,1.0,196.4,7.0,4,0.742
7,356.0,1085.3,18.3,10.0,24,122,3150,334,1.2,207.0,8.0,4,0.758
8,356.0,1315.1,18.8,1.8,19,113,3150,334,1.5,211.0,34.0,5,0.768
9,356.0,1175.1,19.7,0.0,24,119,3600,382,2.0,219.3,41.0,6,0.77
10,356.0,751.9,19.7,2.9,13,125,3850,662,2.1,225.3,49.0,6,0.771
1,345.0,1026.9,18.7,15.0,18,118,1308,167,0.0,58.4,0.0,4,0.683
2,345.0,630.2,20.4,0.0,16,124,3150,334,0.0,66.9,0.0,4,0.695
3,345.0,1460.1,18.9,0.4,16,119,3150,334,0.0,96.4,1.0,4,0.702
4,345.0,1296.4,18.3,0.0,22,115,2700,286,0.0,142.7,1.0,4,0.724
5,345.0,1219.7,18.7,0.0,14,113,3600,382,0.0,151.3,4.0,4,0.743
6,345.0,1665.5,18.4,1.2,38,113,3150,334,0.0,164.9,4.0,4,0.759
7,345.0,1040.3,18.9,0.2,26,113,3150,334,0.0,167.8,5.0,4,0.778
8,345.0,1283.1,18.2,11.0,23,120,3150,334,0.0,175.0,6.0,5,0.785
9,345.0,1228.8,18.8,1.8,17,113,3150,334,0.0,193.4,15.0,5,0.812
10,345.0,1227.0,19.7,0.0,25,115,3600,382,0.0,194.4,28.0,5,0.858
1,308.0,1127.1,17.6,1.7,21,118,286,56,0.0,0.0,0.0,1,0.881
2,308.0,1224.0,17.8,19.0,22,120,311,61,0.0,0.0,0.0,1,0.905
3,308.0,665.2,19.7,0.0,10,123,1215,25,0.0,0.0,0.0,2,0.918
4,308.0,1443.9,18.4,0.1,14,118,1341,29,0.0,0.0,0.0,2,0.231
5,308.0,1397.1,17.7,0.0,22,117,1154,25,0.0,0.0,0.0,2,0.432
6,308.0,1155.6,18.1,0.0,14,113,1258,28,0.0,0.0,0.0,2,0.745
7,308.0,1880.7,17.9,2.4,35,116,1295,136,0.0,0.0,0.0,3,0.923
8,308.0,1179.3,18.4,1.5,24,116,1343,31,0.5,0.5,0.0,3,1.021
9,308.0,1257.7,17.6,15.0,25,122,1389,144,0.5,0.6,2.0,3,1.04
10,308.0,1336.4,18.2,2.4,15,116,1440,35,0.7,1.3,5.0,3,1.09
1,432.0,1083.2,19.7,11.0,13,116,9057,2061,0.0,0.0,0.0,5,0.838
2,432.0,869.3,21.2,0.0,14,114,14519,3050,0.0,0.0,0.0,5,0.847
3,432.0,1437.9,19.7,0.0,18,113,14590,3128,0.0,0.0,0.0,6,0.892
4,432.0,1317.8,19.1,0.0,18,114,13207,2888,0.0,0.0,2.0,6,0.934
5,432.0,1442.3,19.5,0.0,21,108,15795,3526,0.0,0.0,2.0,6,0.991
6,432.0,1488.3,20.0,0.3,17,110,15088,3437,0.0,0.0,2.0,7,1.03
7,432.0,1338.5,19.4,0.0,24,115,15150,3339,0.0,0.0,3.0,8,1.061
8,432.0,1049.5,19.4,2.0,19,118,1245,3439,0.0,0.0,4.0,9,1.082
9,432.0,1532.4,19.9,0.2,19,111,15300,3703,4.1,15.3,4.0,9,1.145
10,432.0,1262.6,20.6,0.0,22,118,15446,3869,4.4,16.3,4.0,10,1.178
1,364.0,1226.2,19.1,13.0,22,111,4279,666,0.0,0.0,0.0,4,0.654
2,364.0,741.8,20.6,0.0,17,112,1703,157,0.0,0.0,1.0,4,0.693
3,364.0,1399.5,19.3,0.4,25,107,1922,181,0.0,0.0,2.0,4,0.734
4,364.0,1332.8,18.7,0.0,22,109,1913,183,0.0,0.0,2.0,5,0.774
5,364.0,1422.3,19.1,0.0,22,107,1735,170,0.0,0.0,3.0,6,0.782
6,364.0,1670.9,19.5,2.2,24,110,2183,218,0.4,5.0,3.0,7,0.807
7,364.0,1141.6,19.0,0.0,28,108,2240,281,0.7,5.0,17.0,7,0.812
8,364.0,947.8,19.0,3.0,22,110,2350,290,2.2,5.1,17.0,8,0.83
9,364.0,1574.4,19.3,0.0,20,110,2475,262,2.9,43.8,82.0,8,0.854
10,364.0,1251.4,20.4,0.0,22,111,2560,255,4.7,55.2,115.0,9,0.884
1,724.0,336.2,24.4,0.0,51,92,5559,170,0.0,0.0,0.0,2,2.287
2,724.0,592.2,24.8,0.0,48,90,5698,178,0.0,0.0,0.0,2,2.312
3,724.0,249.1,24.3,0.0,48,88,5836,186,0.0,0.0,0.0,3,2.345
4,724.0,383.5,24.4,0.0,51,91,6059,174,0.0,0.0,0.0,3,2.374
5,724.0,361.5,24.7,0.0,47,91,6353,162,0.0,0.0,0.0,3,2.404
6,724.0,737.3,25.0,0.0,48,90,6610,175,0.0,0.0,0.0,4,2.497
7,724.0,506.6,24.8,0.0,49,92,6867,189,0.0,0.0,0.0,4,2.5
8,724.0,133.4,24.1,0.0,47,85,6810,177,0.0,0.0,0.0,4,2.521
9,724.0,207.1,24.0,0.0,49,87,6752,166,0.0,0.0,2.0,6,2.525
10,724.0,256.8,24.3,0.0,52,89,7045,180,0.0,2.3,3.0,6,2.534
1,318.0,2210.6,20.8,0.0,47,100,3648,248,0.0,0.0,0.0,1,1.422
2,318.0,2620.7,21.4,0.0,44,97,3586,235,0.0,0.0,0.0,1,1.455
3,318.0,1920.6,20.9,0.0,40,97,3798,223,0.0,0.0,0.0,1,1.484
4,318.0,2227.5,21.1,0.0,39,98,4010,210,0.0,0.0,0.0,1,1.506
5,318.0,1516.1,21.5,0.0,39,97,4161,266,0.0,0.0,0.0,1,1.517
6,318.0,2139.2,21.8,0.0,38,98,4312,320,0.0,0.0,0.0,1,1.529
7,318.0,1958.8,21.6,0.0,37,99,4463,375,0.0,0.0,0.0,1,1.534
8,318.0,1464.5,20.6,0.0,34,97,4895,285,0.0,0.0,0.0,1,1.552
9,318.0,1519.5,20.4,0.0,43,97,5276,504,1.0,1.0,1.0,1,1.563
10,318.0,1539.3,20.9,0.0,44,96,5454,608,1.0,2.0,2.0,1,1.573
1,534.0,818.2,2.4,1267.0,25,111,2196,323,0.0,1.3,1.0,8,1.582
2,534.0,790.9,3.2,1083.7,22,115,1917,282,0.0,3.0,1.0,8,1.646
3,534.0,587.7,3.4,873.0,18,118,2082,306,0.0,4.1,2.0,9,1.685
4,534.0,677.9,3.2,996.0,18,125,2279,335,0.0,12.3,2.0,11,1.729
5,534.0,731.1,2.6,1388.8,17,114,2500,500,0.0,15.4,3.0,11,1.754
6,534.0,782.0,2.3,1232.3,16,111,2550,600,0.0,19.8,4.0,12,1.839
7,534.0,940.0,0.3,1820.0,23,114,2460,580,0.0,22.5,4.0,14,1.854
8,534.0,770.5,2.9,1017.0,20,121,2660,630,1.4,24.5,6.0,15,1.882
9,534.0,664.0,3.7,1140.1,14,117,2760,650,1.8,33.1,6.0,16,1.93
10,534.0,616.3,3.4,843.1,19,111,2420,650,1.9,38.7,10.0,16,2.106
1,406.0,462.9,1.8,1769.0,21,116,1794,497,0.0,1.4,4.0,7,1.213
2,406.0,488.8,2.0,1680.0,20,120,1557,319,0.0,2.3,4.0,7,1.239
3,406.0,517.8,3.1,1484.6,21,114,1688,346,0.0,7.2,6.0,7,1.24
4,406.0,429.3,2.8,1300.0,17,126,1731,355,0.0,8.5,6.0,7,1.264
5,406.0,511.9,2.6,1393.0,20,112,1745,358,0.0,17.5,9.0,7,1.276
6,406.0,499.5,1.8,1847.8,18,114,2000,400,0.0,21.3,9.0,7,1.29
7,406.0,450.5,1.4,1854.0,19,117,2130,370,0.0,24.6,10.0,7,1.342
8,406.0,645.3,0.3,2341.0,19,118,2130,370,0.0,37.5,12.0,8,1.421
9,406.0,510.1,2.7,1427.1,22,122,2320,400,0.2,42.7,13.0,8,1.493
10,406.0,342.9,3.9,1401.4,17,126,2320,400,0.3,46.8,13.0,9,1.611
1,406.0,444.2,3.4,1168.8,19,113,1920,340,0.0,2.8,9.0,5,1.432
2,406.0,559.9,2.3,1526.0,18,121,1970,430,0.0,8.5,14.0,5,1.464
3,406.0,364.6,4.3,1027.0,16,113,2000,440,0.0,15.3,14.0,6,1.482
4,406.0,293.2,2.9,1302.0,12,115,2000,560,0.0,18.3,15.0,6,1.516
5,406.0,662.4,2.7,1564.0,22,117,2108,512,0.0,38.4,17.0,7,1.532
6,406.0,620.1,2.6,1294.0,22,117,2190,575,1.7,43.6,20.0,8,1.568
7,406.0,637.7,3.5,1052.0,23,123,2250,590,2.4,51.2,21.0,9,1.593
8,406.0,695.7,3.3,1366.0,17,122,2350,550,3.5,56.3,24.0,10,1.612
9,406.0,552.3,2.7,1537.0,21,112,2510,590,4.8,70.3,24.0,11,1.621
10,406.0,593.1,2.2,1642.0,24,130,2510,610,6.0,76.9,27.0,11,1.642
1,771.0,588.9,2.8,1408.0,19,119,2490,289,0.0,0.0,0.0,2,0.662
2,771.0,710.6,3.6,1229.7,25,116,2475,287,0.0,43.2,16.0,3,0.671
3,771.0,466.7,3.6,1044.0,19,116,2592,301,0.0,59.4,46.0,3,0.682
4,771.0,510.2,3.4,1142.0,25,114,2735,369,0.0,72.6,57.0,4,0.715
5,771.0,603.0,2.5,1586.2,18,120,2800,400,1.6,96.5,64.0,4,0.746
6,771.0,517.9,2.2,1549.1,20,113,3170,420,2.5,114.0,74.0,6,0.769
7,771.0,742.1,0.3,2077.0,28,114,3320,440,15.0,164.9,84.0,7,0.812
8,771.0,651.1,3.3,1187.6,22,117,3760,500,19.6,166.7,95.5,8,0.863
9,771.0,477.4,4.3,1219.6,17,117,3900,520,24.2,175.2,114.0,9,0.952
10,771.0,508.4,4.0,955.7,19,114,3720,580,26.7,200.9,125.0,9,1.108
1,771.0,649.3,3.0,1215.0,20,122,3280,550,0.0,112.6,37.0,5,1.281
2,771.0,385.8,4.7,846.0,16,117,3520,590,0.0,116.7,42.0,5,1.292
3,771.0,429.3,3.4,1114.0,20,118,3560,590,0.0,125.1,48.0,6,1.332
4,771.0,632.4,3.3,1346.0,23,116,4545,533,2.5,134.4,52.0,7,1.367
5,771.0,641.8,3.6,1076.0,23,116,4770,710,6.3,142.3,64.0,8,1.395
6,771.0,645.5,4.1,904.0,25,116,5160,780,8.9,153.2,69.0,9,1.423
7,771.0,727.5,4.2,1116.0,18,116,5280,780,14.5,159.4,74.0,9,1.464
8,771.0,607.4,3.6,1185.0,24,111,4870,660,19.3,164.5,86.0,10,1.513
9,771.0,533.7,3.4,1282.0,20,125,4730,680,22.5,167.4,93.0,11,1.584
10,771.0,503.9,2.5,1481.0,19,112,4740,680,24.7,170.4,103.0,12,1.62
1,743.0,506.2,4.1,1017.0,15,110,850,270,0.0,0.0,32.0,2,2.712
2,743.0,541.4,4.5,928.0,15,108,945,245,0.0,0.0,32.0,2,2.753
3,743.0,656.4,4.9,761.0,16,105,970,249,0.0,0.0,35.0,2,2.783
4,743.0,622.5,4.9,713.0,11,115,1098,282,0.0,0.0,35.0,3,2.798
5,743.0,596.7,3.8,867.0,20,109,1129,290,0.0,0.0,37.0,3,2.818
6,743.0,519.2,4.4,1044.0,13,108,1200,200,0.0,11.5,51.0,7,2.843
7,743.0,653.5,3.9,941.5,14,116,1290,190,0.0,22.5,52.0,7,2.887
8,743.0,579.0,2.1,1661.0,11,116,1450,210,0.0,30.8,66.0,8,2.912
9,743.0,528.4,4.7,802.5,15,107,1620,230,0.0,70.6,69.0,9,2.921
10,743.0,559.2,5.5,831.0,10,114,1880,270,0.0,82.3,71.0,10,2.943
1,743.0,572.2,5.4,447.6,17,110,1970,480,0.0,0.0,0.0,2,1.603
2,743.0,412.6,4.3,871.0,16,116,1810,450,0.0,0.0,0.0,2,1.639
3,743.0,307.3,5.6,672.0,11,108,1920,570,0.0,153.1,0.0,2,1.657
4,743.0,625.6,4.2,789.0,15,112,2100,630,0.0,155.7,0.0,2,1.668
5,743.0,602.6,4.7,932.0,13,112,2695,783,0.0,201.8,0.0,4,1.673
6,743.0,728.3,4.8,685.0,14,110,2700,810,0.6,218.9,0.0,4,1.689
7,743.0,652.7,4.7,709.0,18,113,3450,850,2.2,229.4,0.0,4,1.693
8,743.0,511.1,5.4,676.0,18,117,3800,980,3.4,245.2,0.0,4,1.712
9,743.0,631.0,4.7,819.0,16,108,4300,1110,6.7,254.3,1.0,5,1.743
10,743.0,674.5,3.9,1012.0,20,115,4510,1550,11.7,259.8,21.0,5,1.76
1,317.0,458.5,4.0,972.0,20,116,1057,162,0.0,10.3,4.0,4,1.361
2,317.0,512.6,4.2,1199.1,17,117,1200,200,0.0,21.4,5.0,5,1.365
3,317.0,471.8,3.9,1097.3,15,112,1270,190,0.0,48.7,7.0,5,1.37
4,317.0,500.9,2.1,1769.0,12,116,1240,190,0.0,59.4,9.0,6,1.385
5,317.0,395.4,4.9,921.4,15,120,1290,200,0.0,75.4,9.0,7,1.387
6,317.0,501.5,5.8,880.2,9,113,1370,210,0.0,81.2,9.0,7,1.398
7,317.0,632.4,5.4,552.3,15,115,1300,150,0.0,85.0,10.0,7,1.412
8,317.0,431.0,4.2,984.0,17,116,1120,180,0.0,122.3,10.0,8,1.442
9,317.0,250.7,5.9,725.0,12,117,1170,200,4.4,153.4,11.0,8,1.483
10,317.0,537.2,4.4,860.0,12,124,1180,170,5.7,169.6,12.0,8,1.492
1,422.0,702.6,0.1,1485.0,11,122,5530,702,0.0,0.0,0.0,6,0.768
2,422.0,782.8,0.3,1449.0,13,116,5144,427,0.0,1.4,0.0,6,0.778
3,422.0,667.5,0.7,1301.9,16,117,5436,451,0.0,2.7,0.0,7,0.794
4,422.0,825.2,1.3,1080.0,12,124,5233,434,0.0,4.2,12.0,7,0.797
5,422.0,1089.7,0.2,1314.0,17,120,5620,433,0.0,5.6,12.0,8,0.801
6,422.0,570.8,1.0,1280.8,13,117,6800,1200,0.0,6.1,13.0,8,0.815
7,422.0,836.3,0.4,1190.2,13,111,6410,1270,0.0,6.7,14.0,8,0.826
8,422.0,642.6,1.4,1961.0,12,126,6150,1220,0.0,7.0,14.0,11,0.834
9,422.0,567.0,0.8,1267.7,8,122,6430,1270,2.3,7.5,15.0,11,0.846
10,422.0,986.4,1.4,1265.0,13,115,7070,1400,4.8,9.0,15.0,11,0.851
1,422.0,637.8,0.9,1040.0,21,113,6580,860,7.2,188.5,6.0,8,0.892
2,422.0,472.7,0.2,1350.0,17,122,6430,960,8.3,196.4,6.0,10,0.993
3,422.0,478.3,0.9,1246.0,12,113,6650,1000,9.4,208.4,6.0,10,0.999
4,422.0,658.8,0.2,1460.0,16,115,6966,670,11.2,222.6,6.0,10,1.002
5,422.0,598.5,0.8,1412.0,11,120,6991,698,11.9,239.6,8.0,10,1.051
6,422.0,810.5,1.0,1151.0,21,113,7110,565,12.7,250.0,8.0,10,10.59
7,422.0,945.8,0.4,1155.0,18,126,7210,573,15.4,262.2,10.0,10,1.068
8,422.0,598.4,1.2,1229.0,16,113,7440,630,17.4,283.0,10.0,11,1.081
9,422.0,610.7,0.8,1261.0,18,116,7780,660,18.4,291.3,11.0,14,1.085
10,422.0,773.9,0.2,1562.0,20,115,7680,630,21.4,297.1,13.0,14,1.092
1,473.0,461.5,5.8,691.8,15,120,1990,310,0.0,0.0,0.0,2,0.952
2,473.0,471.0,6.8,665.9,12,109,2070,320,1.1,0.0,0.0,4,1.025
3,473.0,365.8,6.8,339.1,12,119,2530,270,1.7,0.0,0.0,5,1.029
4,473.0,300.1,5.6,747.0,11,117,2550,530,2.3,27.8,1.0,5,1.034
5,473.0,279.9,6.6,617.0,10,116,2590,560,4.3,45.3,1.0,5,1.046
6,473.0,563.4,5.1,674.0,17,112,2630,320,6.5,50.3,2.0,6,1.047
7,473.0,402.4,6.2,759.0,8,125,2665,570,11.8,58.1,2.0,6,1.052
8,473.0,481.0,6.1,576.0,13,129,2700,630,24.9,67.5,2.0,9,1.081
9,473.0,773.5,5.6,647.0,16,115,2640,460,27.5,78.5,4.0,10,1.098
10,473.0,438.1,6.3,541.0,16,111,2770,550,31.5,91.9,4.0,11,1.162
1,722.0,838.0,2.1,959.0,29,111,2352,174,0.0,8.2,4.0,2,0.592
2,722.0,1059.1,2.0,1112.0,27,106,3317,222,0.0,17.2,8.0,2,0.618
3,722.0,868.7,2.2,909.2,37,108,4349,292,0.0,22.9,9.0,3,0.635
4,722.0,859.1,3.8,639.0,21,116,4528,304,0.0,34.1,11.0,3,0.646
5,722.0,872.9,2.2,998.0,26,112,2780,335,0.0,54.4,17.0,6,0.664
6,722.0,933.5,3.2,780.4,19,115,2910,350,0.0,87.3,25.0,7,0.704
7,722.0,975.6,2.8,748.8,18,111,2910,385,0.0,122.3,26.0,7,0.747
8,722.0,1035.0,1.1,1220.0,20,111,2700,420,2.2,142.3,27.0,8,1.021
9,72.0,1124.3,2.6,779.7,28,107,2700,455,4.6,156.1,29.0,11,1.035
1,589.0,411.4,2.4,2089.0,12,111,1272,249,0.0,7.4,11.0,7,1.392
2,589.0,388.0,3.2,1676.0,19,120,1454,276,0.0,13.4,16.0,7,1.418
3,589.0,575.2,3.3,1761.8,17,113,1427,271,0.0,20.7,16.0,7,1.422
4,589.0,489.5,3.0,1399.0,20,119,1484,282,0.0,22.6,16.0,8,1.505
5,589.0,624.8,2.6,1523.0,20,119,1543,293,0.0,28.0,17.0,8,1.507
6,589.0,437.4,3.1,1755.0,17,111,1605,305,0.0,29.3,17.0,8,1.59
7,589.0,525.1,2.1,2017.6,19,117,1669,317,1.6,67.0,18.0,9,1.615
8,589.0,604.7,0.6,2455.0,21,111,1736,330,4.5,89.1,18.0,9,1.657
9,589.0,575.7,3.4,1623.0,20,115,1806,343,5.2,122.7,19.0,9,1.661
10,589.0,659.8,4.4,1415.7,18,116,1880,564,5.9,124.9,19.0,9,1.693
1,440.0,495.4,1.8,2365.0,16,120,1699,131,0.0,62.3,19.0,3,1.159
2,440.0,467.8,3.0,1792.0,19,118,1732,132,0.0,70.7,19.0,3,1.25
3,440.0,765.4,3.1,1974.6,21,114,1521,117,0.0,175.7,21.0,4,1.283
4,440.0,530.2,2.5,1676.0,24,118,1630,127,0.0,203.2,23.0,4,1.302
5,440.0,726.5,2.4,1740.0,20,114,1709,131,0.0,251.9,27.0,5,1.347
6,440.0,544.2,3.5,1779.8,20,119,1812,139,0.0,281.8,27.0,5,1.429
7,440.0,585.4,2.6,2091.7,17,119,1920,148,0.0,303.0,36.0,6,1.582
8,440.0,760.3,1.0,2536.0,23,114,2035,157,0.0,315.2,39.0,6,1.732
9,440.0,642.5,2.7,1900.8,19,121,2158,166,0.0,320.2,39.0,7,1.928
10,440.0,605.0,5.2,1286.3,22,120,2240,175,0.0,329.5,48.0,7,1.983
1,331.0,436.2,2.5,2177.0,14,117,1746,300,0.0,16.7,15.0,3,1.097
2,331.0,409.9,3.4,1719.0,18,116,2226,327,0.0,19.4,18.0,3,2.112
3,331.0,701.4,3.6,1793.1,20,114,2204,324,0.0,22.2,18.0,5,2.148
4,331.0,461.6,3.1,1514.0,22,118,2358,347,0.0,29.4,19.0,5,2.209
5,331.0,641.6,2.9,1567.0,21,114,2523,371,0.0,37.4,21.0,8,2.298
6,331.0,479.8,3.8,1722.0,19,116,2700,397,0.0,53.2,24.0,8,2.452
7,331.0,570.6,2.6,2051.9,20,116,2889,425,0.0,68.5,26.0,8,2.612
8,331.0,643.6,0.9,2461.0,20,109,3091,454,0.0,74.3,26.0,9,2.762
9,331.0,688.9,3.4,1712.1,20,120,3308,486,0.0,78.9,28.0,11,2.89
10,331.0,703.2,4.9,1381.1,20,114,3539,520,1.7,81.4,31.0,11,2.94
1,652.0,411.4,2.4,2089.0,12,111,1272,249,0.0,0.0,7.0,1,1.075
2,652.0,388.0,3.2,1676.0,19,120,1454,276,0.0,0.0,8.0,2,1.081
3,652.0,575.2,3.3,1761.8,17,113,1427,271,0.0,0.0,9.0,2,1.089
4,652.0,489.5,3.0,1399.0,20,119,1484,282,0.0,16.3,9.0,2,1.097
5,652.0,624.8,2.6,1523.0,20,119,1543,293,0.0,44.7,10.0,3,1.11
6,652.0,437.4,3.1,1755.0,17,111,1605,305,0.0,74.6,13.0,3,1.153
7,652.0,525.1,2.1,2017.6,19,117,1669,317,0.0,87.5,13.0,3,1.351
8,652.0,604.7,0.6,2455.0,21,111,1736,330,0.0,108.4,16.0,4,1.391
9,652.0,575.7,3.4,1623.0,20,115,1806,343,0.0,134.2,16.0,4,1.423
10,652.0,659.8,4.4,1415.7,18,116,1910,352,0.0,138.3,17.0,5,1.456
1,514.0,1404.4,7.8,597.0,28,115,3671,441,0.8,106.2,0.0,3,1.186
2,514.0,1395.4,9.4,241.0,26,118,3674,441,12.1,115.1,1.0,5,1.234
3,514.0,1339.6,9.5,335.2,18,116,5820,230,15.6,150.2,4.0,5,1.27
4,514.0,1249.8,7.9,372.0,26,121,5830,230,28.3,152.3,4.0,6,1.312
5,514.0,1230.5,8.4,515.0,20,115,6057,239,48.3,154.8,6.0,6,1.375
6,514.0,1262.7,8.3,637.0,27,113,6306,249,144.9,156.3,8.0,7,1.408
7,514.0,1175.9,8.9,446.7,11,121,6558,259,154.3,165.8,9.0,7,1.503
8,514.0,1636.4,8.0,525.0,22,111,6950,272,175.8,177.8,9.0,7,1.509
9,514.0,1133.9,8.4,337.3,19,118,7377,291,189.4,191.7,10.0,8,1.556
10,514.0,1226.4,10.1,203.6,16,114,7672,303,219.7,206.2,10.0,8,1.607
1,901.0,1360.7,9.9,167.0,40,103,12530,880,0.0,14.9,2.0,9,1.015
2,901.0,1332.4,11.1,45.0,36,103,13350,921,0.0,21.7,9.0,10,1.017
3,901.0,1399.1,11.0,62.9,40,105,10710,739,0.0,25.2,10.0,10,1.034
4,901.0,1271.1,9.7,117.0,39,103,11334,827,0.0,27.6,11.0,10,1.037
5,901.0,1225.1,10.2,126.0,32,102,12266,882,0.0,28.7,13.0,11,1.045
6,901.0,1206.4,10.2,188.9,40,109,13197,937,0.0,30.6,18.0,11,1.056
7,901.0,1052.5,10.4,94.2,34,106,13751,976,0.0,34.7,23.0,12,1.061
8,901.0,1648.8,9.8,152.0,44,107,14588,1036,4.8,43.2,24.0,12,1.068
9,901.0,1354.1,10.3,54.9,35,102,14880,1056,5.2,71.1,24.0,12,1.0763
10,901.0,1531.0,11.1,34.9,40,100,15150,1077,5.9,74.5,33.0,13,1.087
1,1181.0,1283.2,7.1,713.0,28,109,9140,730,0.0,1.4,0.0,7,0.573
2,1181.0,1196.1,8.5,332.0,24,112,9362,609,0.0,9.3,2.0,8,0.611
3,1181.0,1339.3,8.5,440.4,31,120,9645,623,1.2,25.8,6.0,8,0.652
4,1181.0,1190.7,7.2,475.0,25,117,9968,645,12.3,30.7,6.0,8,0.67
5,1181.0,1078.8,7.6,650.0,20,110,10100,660,31.8,48.7,8.0,10,0.712
6,1181.0,1306.4,7.6,726.3,28,127,10570,690,77.5,52.0,10.0,10,0.728
7,1181.0,1176.5,8.0,546.4,16,121,11270,730,92.4,56.7,11.0,10,0.782
8,1181.0,1599.4,7.5,569.0,28,110,11800,820,117.5,62.3,13.0,11,0.835
9,1181.0,1193.8,7.5,473.6,28,122,12100,850,122.2,67.7,15.0,12,0.983
10,1181.0,1364.9,9.2,274.3,24,112,12500,880,131.4,72.4,18.0,12,0.996
1,662.0,1564.4,11.0,212.0,35,111,3861,1249,0.0,1.6,12.0,2,1.682
2,662.0,1199.3,12.4,32.0,34,118,3170,1295,6.2,3.6,23.0,5,1.712
3,662.0,1252.5,12.5,64.3,30,118,3100,1265,27.8,6.5,44.0,6,1.723
4,662.0,1297.4,11.1,92.0,33,112,3131,1278,37.4,10.6,56.0,9,1.735
5,662.0,1351.5,11.4,141.0,31,114,3162,1290,56.4,38.1,78.0,9,1.777
6,662.0,1251.4,11.2,254.8,27,117,3194,1303,71.5,89.9,95.0,10,1.794
7,662.0,1157.2,11.7,158.7,19,119,3226,1316,89.9,172.1,113.0,11,1.947
8,662.0,1844.3,10.8,209.0,38,113,3258,1330,109.8,222.3,144.0,12,1.993
9,662.0,1285.8,11.3,85.5,30,111,3291,1343,140.8,292.8,167.0,12,2.122
10,662.0,1110.7,12.8,33.2,27,117,3324,1356,193.7,305.6,180.0,12,2.212
1,454.0,1446.2,13.6,69.3,23,119,2156,509,0.0,0.0,0.0,2,1.466
2,454.0,1366.8,12.7,152.0,19,116,2223,525,0.0,0.0,0.0,2,1.492
3,454.0,1310.5,13.3,57.9,17,114,2634,595,0.0,0.0,0.0,4,1.597
4,454.0,1128.7,15.0,28.0,12,121,3842,730,0.0,0.0,0.0,15,1.634
5,454.0,1126.6,14.4,28.8,16,116,3842,730,19.0,0.0,0.0,15,1.654
6,454.0,931.8,13.6,125.0,13,116,4150,830,15.1,1.8,1.0,15,1.681
7,454.0,703.0,14.5,17.0,13,118,4150,830,24.6,7.9,2.0,15,1.838
8,454.0,1124.1,14.9,45.0,18,117,4200,840,119.0,15.7,2.0,16,1.862
9,454.0,1462.3,13.2,62.0,27,117,4400,720,138.2,30.5,6.0,18,1.883
10,454.0,986.3,14.3,67.0,24,122,4415,721,293.0,39.8,7.0,18,1.889
